date,team,assister,from where,against,got whom,at where,direct,relayed,dropped,covered,runners' fault,smh...,sniper,relayer1,tagger,link,opinion,ocnt,ip,,,,,,,,,,,,,,,
2019-03-28,Phillies,Bryce Harper,RF,Braves,Nick Markakis,2B,,1,,,,,,JT Realmuto,Jean Segura,,,,,,,,,,,,,,,,,,,
2019-03-28,Marlins,Garrett Cooper,RF,Rockies,Chris Iannetta,3B,1,,,,,,,,Brian Anderson,,,,,,,,,,,,,,,,,,,
2019-03-28,RedSox,Mookie Betts,RF,Mariners,Mitch Haniger,Home,,1,,,,,,Eduardo Nunez,Christian Vazquez,,,,,,,,,,,,,,,,,,,
2019-03-28,Padres,Will Myers,LF,Giants,Evan Longoria,2B,1,,,,,,,,Ian Kinsler,"https://www.mlb.com/gameday/giants-vs-padres/2019/03/28/566275#game_state=final,game_tab=videos,game=566275",,,,,,,,,,,,,,,,,,
2019-03-29,Rays,Avisail Garcia,RF,Astros,Michael Brantley,3B,,1,,,,,,Daniel Robertson;Yandy Diaz,Willy Adames,,,,,,,,,,,,,,,,,,,
2019-03-29,Giants,Connor Joe,LF,Padres,Manuel Margot,2B,1,,,,,,,,Yangervis Solarte,,,,,,,,,,,,,,,,,,,
2019-03-29,Giants,Michael Reed,RF,Padres,Ian Kinsler,Home,,1,,,,,,Brandon Crawford,Erik Kratz,,,,,,,,,,,,,,,,,,,
2019-03-30,Padres,Hunter Renfroe,RF,Giants,Buster Posey,Home,1,,,,,,,,Francisco Mejia,,,,,,,,,,,,,,,,,,,
2019-03-30,DBacks,Jarrod Dyson,CF,Dodgers,Cody Bellinger,2B,1,,,,,,,,Ketel Marte,,,,,,,,,,,,,,,,,,,
2019-03-30,Tigers,Nicholas Castellanos,RF,BlueJays,Billy McKinney,2B,1,,,,,,,,Gordon Beckham,,,,,,,,,,,,,,,,,,,
2019-03-30,Braves,Ronald Acuña Jr.,LF,Phillies,Jean Segura,3B,1,,,,,,,,Josh Donaldson,,,,,,,,,,,,,,,,,,,
2019-03-31,Giants,Gerardo Parra,RF,?,?,Home,,,,,,,,,,,weird record,,,,,,,,,,,,,,,,,
2019-03-31,Giants,Gerardo Parra,RF,Padres,Will Myers,1B,,1,,,1,,,,,,Myers didn't tag the 2nd base,,,,,,,,,,,,,,,,,
2019-03-31,Giants,Gerardo Parra,RF,Padres,Chris Paddack,1B,1,,,,,,,,Eric Hosmer,,it didn't count as oa,,,,,,,,,,,,,,,,,
2019-03-31,Indians,Jordon Luplow,RF,Twins,Byron Buxton,3B,,1,,,,,,Max Moroff/Jose Ramirez/Eric Stamets,Max Moroff,,,,,,,,,,,,,,,,,,,
2019-03-31,Indians,Leonys Martin,CF,Twins,-,Home,,1,,,,1,,Carlos Santana,-,,error,,,,,,,,,,,,,,,,,
2019-04-01,Cubs,Albert Almora Jr.,CF,Braves,Nick Markakis,2B,1,,,,,,,,Javy Baez,,,,,,,,,,,,,,,,,,,
2019-04-01,Rockies,Charlie Blackmon,RF,Rays,Austin Meadows,2B,1,,,,,,,,Trevor Story,,,,,,,,,,,,,,,,,,,
2019-04-01,Padres,Franmil Reyes,RF,DBacks,David Peralta,2B,1,,,,1,,,,Fernando Tatis Jr.,,,,,,,,,,,,,,,,,,,
2019-04-01,Athletics,Ramon Laureano,CF,RedSox,Xander Bogaerts,Home,1,,,,,,1,,Nick Hundley,,,,,,,,,,,,,,,,,,,
2019-04-02,Twins,Eddie Rosario,LF,Royals,Martin Maldonado,2B,1,,,,,,,,Jonathan Schoop,,,,,,,,,,,,,,,,,,,
2019-04-02,Rangers,Nomar Mazara,RF,Astros,Alex Bregman,1B,,1,,,,,,Elvis Andrus,Ronald Guzman,,mlb.com wrongly marked this,,,,,,,,,,,,,,,,,
2019-04-02,Athletics,Ramon Laureano,CF,RedSox,Xander Bogaerts,3B,1,,,,,,1,,Matt Chapman,,,,,,,,,,,,,,,,,,,
2019-04-02,Giants,Steven Duggar,CF,Dodgers,Chris Taylor,1B,1,,,,1,,,,Brandon Belt,,,,,,,,,,,,,,,,,,,
2019-04-03,Royals,Billy Hamilton,CF,Twins,Jake Cave,Home,,1,,,,,,Chris Owings,Martin Maldonado,,,,,,,,,,,,,,,,,,,
2019-04-03,Dodgers,Chris Taylor,LF,Giants,Gerardo Parra,2B,1,,,,,,,,Justin Turner,,,,,,,,,,,,,,,,,,,
2019-04-03,Orioles,Dwight Smith Jr.,LF,BlueJays,Lourdes Gurriel Jr.,3B,1,,,,,,,,Rio Ruiz,,,,,,,,,,,,,,,,,,,
2019-04-03,WhiteSox,Leury Garcia,CF,Indians,-,2B,,,,,,,,Jose Rondon,-,,error/mlb.com wrongly marked this,,,,,,,,,,,,,,,,,
2019-04-04,Reds,Jesse Winker,LF,Pirates,Melky Cabrera,2B,,1,,,,,,Jose Iglesias,Jose Peraza,,,,,,,,,,,,,,,,,,,
2019-04-04,Angels,Mike Trout,CF,Rangers,Ronald Guzman,Home,1,,,,,,1,,Jonathan Lucroy,,,,,,,,,,,,,,,,,,,
2019-04-04,Athletics,Ramon Laureano,CF,RedSox,Mookie Betts,3B,1,,,,,,1,,Matt Chapman,,,,,,,,,,,,,,,,,,,
2019-04-04,Athletics,Robbie Grossman,LF,RedSox,Steve Pearse,2B,1,,,,,,,,Jurickson Profar,,,,,,,,,,,,,,,,,,,
2019-04-05,Dodgers,Joc Pederson,LF,Rockies,Charlie Blackmon,Home,1,,,,,,1,,Russell Martin,,terrific,,,,,,,,,,,,,,,,,
2019-04-06,Royals,Alex Gordon,LF,Tigers,Josh Harrison,Home,1,,,,,,1,,Martin Maldonado,,,,,,,,,,,,,,,,,,,
2019-04-06,Twins,Byron Buxton,CF,Phillies,Bryce Harper,Home,1,,,,,,1,,Willians Astudillo,,,,,,,,,,,,,,,,,,,
2019-04-06,WhiteSox,Daniel Palka,RF,Mariners,Mallex Smith,2B,1,,,,,,,,Yolmer Sanchez,,,,,,,,,,,,,,,,,,,
2019-04-06,Orioles,Dwight Smith Jr.,LF,Yankees,Gleyber Torres,1B,,1,,,1,,,,,,Torres didn't tag the 2nd base,,,,,,,,,,,,,,,,,
2019-04-06,Padres,Hunter Renfroe,RF,Cardinals,Dexter Fowler,2B,,1,,,,,,Manny Machado;Eric Hosmer,Fernando Tatis Jr.,,,,,,,,,,,,,,,,,,,
2019-04-06,WhiteSox,Leury Garcia,CF,Mariners,Tim Beckham,3B,,1,,,,,,Yolmer Sanchez,Yoan Moncada,,,,,,,,,,,,,,,,,,,
2019-04-06,WhiteSox,Leury Garcia,CF,Mariners,Ryon Healy,1B,,1,,,,,,Jose Abreu,James McCann,,,,,,,,,,,,,,,,,,,
2019-04-06,RedSox,Mookie Betts,RF,DBacks,Adam Jones,2B,1,,,,,,,,Xander Bogaerts,,,,,,,,,,,,,,,,,,,
2019-04-06,RedSox,Mookie Betts,RF,DBacks,Eduardo Escobar,Home,1,,,,,,1,,Christian Vazquez,,,,,,,,,,,,,,,,,,,
2019-04-07,Phillies,Andrew McCutchen,LF,Twins,Marwin Gonzalez,Home,1,,,,,,1,,JT Realmuto,,,,,,,,,,,,,,,,,,,
2019-04-07,Dodgers,Cody Bellinger,RF,Rockies,Trevor Story,3B,1,,,,,,1,,Justin Turner,,,,,,,,,,,,,,,,,,,
2019-04-07,Cardinals,Harrison Bader,CF,Padres,Hunter Renfroe,3B,1,,,,,,1,,Matt Carpenter,,wow!!,,,,,,,,,,,,,,,,,
2019-04-07,Astros,Josh Reddick,RF,Athletics,Marcus Semien,3B,,1,,,,,,Carlos Correa,Alex Bregman,,terrific relay throw,,,,,,,,,,,,,,,,,
2019-04-07,Tigers,Niko Goodrum,RF,Royals,Cam Gallagher,2B,1,,,,,,1,,Jordy Mercer,,,,,,,,,,,,,,,,,,,
2019-04-07,Padres,Will Myers,CF,Cardinals,Harrison Bader,2B,1,,,,1,,,,Fernando Tatis Jr.,,,,,,,,,,,,,,,,,,,
2019-04-07,Reds,Yasiel Puig,RF,Pirates,Erik Gonzalez,3B,,1,,,,,,Jose Iglesias,Eugenio Suarez,,,,,,,,,,,,,,,,,,,
2019-04-08,Phillies,Bryce Harper,RF,Nationals,Ryan Zimmerman,Home,,1,,,,,,Jean Segura,JT Realmuto,,,,,,,,,,,,,,,,,,,
2019-04-08,Brewers,Christian Yelich,RF,Angels,Albert Pujols,2B,1,,,,1,,,,Orlando Arcia,,,,,,,,,,,,,,,,,,,
2019-04-08,Cardinals,Harrison Bader,CF,Dodgers,Enrique Hernandez,2B,,1,,,,,,Paul Goldschmidt,Paul Dejong,,,,,,,,,,,,,,,,,,,
2019-04-09,Giants,Brandon Belt,LF,Padres,Franmil Reyes,2B,,1,,,,,,Brandon Crawford,Yangervis Solarte,,,,,,,,,,,,,,,,,,,
2019-04-09,Marlins,Lewis Brinson,CF,Reds,Eugenio Suarez,2B,,1,,,,,,Neil Walker;JT Riddle,Neil Walker,,Walker showed great D awareness,,,,,,,,,,,,,,,,,
2019-04-09,Marlins,Peter O'Brien,RF,Reds,Eugenio Suarez,3B,1,,,,,,1,,Brian Anderson,,,,,,,,,,,,,,,,,,,
2019-04-09,Athletics,Ramon Laureano,CF,Orioles,Richie Martin,Home,1,,,,,,1,,Josh Phegley,,96mph,,,,,,,,,,,,,,,,,
2019-04-10,Dodgers,Alex Verdugo,RF,Cardinals,Marcell Ozuna,1B,1,,,,1,,,,Cody Bellinger,,,,,,,,,,,,,,,,,,,
2019-04-10,Marlins,Lewis Brinson,CF,Reds,Joey Votto,Home,1,,,,,,,,Tucker Barnhart,,,,,,,,,,,,,,,,,,,
2019-04-11,DBacks,Jarrod Dyson,CF,Padres,Franmil Reyes,2B,1,,,,1,,,,Ketel Marte,,,,,,,,,,,,,,,,,,,
2019-04-11,Tigers,Niko Goodrum,RF,Indians,Brad Miller,Home,1,,,,,,,,Grayson Greiner,,,,,,,,,,,,,,,,,,,
2019-04-11,BlueJays,Randal Grichuk,CF,RedSox,Rafael Devers,Home,1,,,,,,1,,Danny Jansen,,,,,,,,,,,,,,,,,,,
2019-04-12,Rays,Avisail Garcia,RF,BlueJays,Richard Urena,2B,1,,,,,,,,Willy Adames,,,,,,,,,,,,,,,,,,,
2019-04-12,WhiteSox,Leury Garcia,RF,Yankees,Gleyber Torres,3B,,1,,,,,,Tim Anderson;Yoan Moncada;Jose Rondon,Tim Anderson,,,,,,,,,,,,,,,,,,,
2019-04-12,Indians,Tyler Naquin,RF,Royals,Alex Gordon,3B,,1,,,,,,Brad Miller,Jose Ramirez,,,,,,,,,,,,,,,,,,,
2019-04-13,Tigers,JaCoby Jones,CF,Twins,Eddie Rosario,2B,1,,,,,,,,Josh Harrison,,,,,,,,,,,,,,,,,,,
2019-04-13,Indians,Jake Bauers,LF,Royals,Lucas Duda,Home,1,,,,,,1,,Kevin Plawecki,,deflected by SS Max Moroff,,,,,,,,,,,,,,,,,
2019-04-13,BlueJays,Teoscar Hernandez,LF,Rays,Avisail Garcia,Home,1,,,,,,1,,Luke Maile,,,,,,,,,,,,,,,,,,,
2019-04-14,Yankees,Aaron Judge,RF,Whitesox,Yoan Moncada,2B,1,,,,,,1,,Gleyber Torres,,Terrfic fence play and sniping,,,,,,,,,,,,,,,,,
2019-04-14,Royals,Alex Gordon,LF,Indians,Greg Allen,3B,1,,,,,,,,Hunter Dozier,,,,,,,,,,,,,,,,,,,
2019-04-14,Marlins,Curtis Granderson,LF,Phillies,Bryce Harper,Home,,1,,,,,,JT Riddle,Chad Wallach,,,,,,,,,,,,,,,,,,,
2019-04-14,Padres,Hunter Renfroe,LF,DBacks,Ildemaro Vargas,2B,1,,,,,,1,,Ian Kinsler,,super catch and throw,DP,,,,,,,,,,,,,,,,
2019-04-14,Nationals,Michael Taylor,CF,Pirates,Josh Bell,Home,1,,,,,,1,,Yan Gomes,,,,,,,,,,,,,,,,,,,
2019-04-14,Athletics,Ramon Laureano,CF,Rangers,Delino DeShields,3B,,1,,,1,1,,Marcus Semien,Matt Chapman,,cannot understand Delino's brunning,,,,,,,,,,,,,,,,,
2019-04-15,Twins,Byron Buxton,CF,BlueJays,Randal Grichuk,3B,,1,,,,,,Jorge Polanco,Willians Astudillo,,,,,,,,,,,,,,,,,,,
2019-04-15,Dodgers,Cody Bellinger,RF,Reds,Luis Castillo,1B,1,,,,1,,,,Max Muncy,,Castillo didn't run to 1B,wrong record,,,,,,,,,,,,,,,,
2019-04-15,RedSox,Mookie Betts,CF,Orioles,Renato Nunez,2B,1,,,,,,,,Christian Vazquez,,,,,,,,,,,,,,,,,,,
2019-04-15,RedSox,Steve Pearce,LF,Orioles,Jesus Sucre,1B,,1,,,,,,Xander Bogaerts,Mitch Moreland,,,,,,,,,,,,,,,,,,,
2019-04-16,Marlins,Isaac Galloway,RF,Cubs,Daniel Descalso,3B,1,,,,,,1,,Brian Anderson,,91.4mph,,,,,,,,,,,,,,,,,
2019-04-16,Twins,Jake Cave,LF,BlueJays,Justin Smoak,3B,,1,,,,,,Jason Castro;Ehire Adrianza,Jorge Polanco,,,,,,,,,,,,,,,,,,,
2019-04-16,WhiteSox,Leury Garcia,RF,Royals,Ryan O'Hearn,2B,1,,,,,,,,Tim Anderson,,,wrong record,,,,,,,,,,,,,,,,
2019-04-16,Pirates,Pablo Reyes,LF,Tigers,Gordon Beckham,Home,1,,,,,,1,,Francisco Cervelli,,,,,,,,,,,,,,,,,,,
2019-04-16,BlueJays,Teoscar Hernandez,LF,Twins,Max Kepler,2B,1,,,,,,1,,Alen Hanson,,DP,,,,,,,,,,,,,,,,,
2019-04-16,BlueJays,Teoscar Hernandez,LF,Twins,CJ Cron,Home,,1,,,,,,Freddy Galvis,Danny Jansen,,game ending,,,,,,,,,,,,,,,,,
2019-04-17,Royals,Alex Gordon,LF,Whitesox,Jose Abreu,Home,,1,,,,,,Adalberto Mondesi,Martin Maldonado,,,,,,,,,,,,,,,,,,,
2019-04-17,Marlins,Austin Dean,LF,Cubs,Daniel Descalso,3B,,1,,,,,,Miguel Rojas;Jorge Alfaro,Brian Anderson,,,,,,,,,,,,,,,,,,,
2019-04-17,Nationals,Victor Robles,CF,Giants,Steven Duggar,3B,1,,,,,,1,,Anthony Rendon,,96.3mph,,,,,,,,,,,,,,,,,
2019-04-18,Dodgers,Alex Verdugo,LF,Brewers,Hernan Perez,Home,1,,,,,,1,,Austin Barnes,,98.4mph,,,,,,,,,,,,,,,,,
2019-04-18,Reds,Jesse Winker,RF,Padres,Eric Hosmer,1B,1,,,,1,,,,Joey Votto,,,,,,,,,,,,,,,,,,,
2019-04-18,WhiteSox,Leury Garcia,CF,Tigers,Dustin Peterson,2B,,1,,,,,,Jose Abreu,Yolmer Sanchez,,,,,,,,,,,,,,,,,,,
2019-04-18,Rays,Tommy Pham,LF,Orioles,Rio Ruiz,Home,,1,,,,,,Daniel Robertson,Michael Perez,,,,,,,,,,,,,,,,,,,
2019-04-19,Yankees,Clint Frazier,RF,Royals,Martin Maldonado,Home,1,,,,,,1,,Kyle Higashioka,,94.6mph,,,,,,,,,,,,,,,,,
2019-04-19,Mariners,Jay Bruce,LF,Angels,Jonathan Lucroy,3B,,1,,,,,,Omar Narvaez,Tim Beckham,,,,,,,,,,,,,,,,,,,
2019-04-19,Mariners,Jay Bruce,LF,Angels,David Fletcher,2B,1,,,,,,,,Dee Gordon,,,,,,,,,,,,,,,,,,,
2019-04-19,Pirates,Melky Cabrera,RF,Giants,Brandon Crawford,Home,1,,,,,,1,,Francisco Cervelli,,93.3mph,,,,,,,,,,,,,,,,,
2019-04-19,Athletics,Stephen Piscotty,RF,BlueJays,Billy McKinney,3B,1,,,,,,1,,Matt Chapman,,,,,,,,,,,,,,,,,,,
2019-04-20,Cubs,Ben Zobrist,RF,DBacks,Ketel Marte,2B,,1,,,,,,Javier Baez;Anthony Rizzo;Daniel Descalso;Anthony Rizzo,Kris Bryant,,,,,,,,,,,,,,,,,,,
2019-04-20,Marlins,Brian Anderson,RF,Nationals,Juan Soto,Home,,1,,,,,,Starlin Castro,Jorge Alfaro,,,,,,,,,,,,,,,,,,,
2019-04-20,Mariners,Jay Bruce,LF,Angels,Jonathan Lucroy,2B,,1,,,,,,Omar Narvaez,Tim Beckham,,,,,,,,,,,,,,,,,,,
2019-04-20,Cubs,Kyle Schwarber,LF,DBacks,Jarrod Dyson,2B,1,,,,,,,,Daniel Descalso,,,,,,,,,,,,,,,,,,,
2019-04-21,Angels,Kole Calhoun,RF,Mariners,Tom Murphy,3B,,1,,,,,,Justin Bour,Andrelton Simmons,,,,,,,,,,,,,,,,,,,
2019-04-21,WhiteSox,Leury Garcia,CF,Yankees,John Hicks,3B,,1,,,,,,Yolmer Sanchez,Yoan Moncada,,,,,,,,,,,,,,,,,,,
2019-04-21,Angels,Mike Trout,CF,Mariners,Domingo Santana,2B,,,,,,,,,Andrelton Simmons,,,,,,,,,,,,,,,,,,,
2019-04-21,Phillies,Roman Quinn,CF,Rockies,Tony Wolters,3B,,1,,,,,,Cesar Hernandez,Maikel Franco,,,,,,,,,,,,,,,,,,,
2019-04-21,Giants,Steven Duggar,RF,Pirates,Jung Ho Kang,Home,,1,,,1,,,Joe Panik,Buster Posey,,,,,,,,,,,,,,,,,,,
2019-04-21,BlueJays,Teoscar Hernandez,LF,Athletics,Ramon Laureano,1B,1,,,,,,,,Justin Smoak,,,,,,,,,,,,,,,,,,,
2019-04-21,Indians,Tyler Naquin,RF,Braves,Ozzie Albies,2B,,1,,,,,,Carlos Santana;Francisco Lindor,Jason Kipnis,,,,,,,,,,,,,,,,,,,
2019-04-22,Brewers,Ryan Braun,LF,Cardinals,Jose Martinez,3B,1,,,,,,1,,Orlando Arcia,,,,,,,,,,,,,,,,,,,
2019-04-22,Nationals,Victor Robles,CF,Rockies,Pat Valaika,2B,1,,,,,,1,,Brian Dozier,,,,,,,,,,,,,,,,,,,
2019-04-23,RedSox,Andrew Benintendi,LF,Tigers,Brandon Nixon,3B,,1,,,,,,Xander Bogaerts;Christian Vazquez,Rafael Devers,,,,,,,,,,,,,,,,,,,
2019-04-23,RedSox,Andrew Benintendi,LF,Tigers,Brandon Nixon,2B,1,,,,,,,,Tzu-Wei Lin,,,,,,,,,,,,,,,,,,,
2019-04-23,Cardinals,Dexter Fowler,CF,Brewers,Christian Yelich,Home,1,,,1,,,1,,Yadier Molina,,,,,,,,,,,,,,,,,,,
2019-04-23,Twins,Eddie Rosario,LF,Astros,Alex Bregman,2B,1,,,,,,,,Jonathan Schoop,,,,,,,,,,,,,,,,,,,
2019-04-23,RedSox,JD Martinez,RF,Tigers,Nicholas Castellanos,Home,1,,,,,,1,,Christian Vazquez,,,,,,,,,,,,,,,,,,,
2019-04-23,Mets,Jeff McNeil,LF,Phillies,Maikel Franco,Home,1,,,,,,1,,Wilson Ramos,,,,,,,,,,,,,,,,,,,
2019-04-23,Braves,Nick Markakis,RF,Reds,Joey Votto,2B,1,,,,,,,,Dansby Swanson,,,,,,,,,,,,,,,,,,,
2019-04-24,Dodgers,Cody Bellinger,RF,Cubs,Daniel Descalso,Home,,1,,,,,,Enrique Hernandez,Austin Barnes,,,,,,,,,,,,,,,,,,,
2019-04-24,Rangers,Delino DeShields,CF,Athletics,Ramon Laureano,2B,1,,,,,,,,Logan Forsythe,,Terrific catch / DP,,,,,,,,,,,,,,,,,
2019-04-24,Giants,Gerardo Parra,LF,BlueJays,Teoscar Hernandez,2B,1,,,,,,,,Joe Panik,,,,,,,,,,,,,,,,,,,
2019-04-24,Angels,Mike Trout,CF,Yankees,Tyler Wade,2B,,1,,,1,,,,Andrelton Simmons,,Terrific catch;Simmons' sneaky play,,,,,,,,,,,,,,,,,
2019-04-24,Rays,Tommy Pham,LF,Royals,Adalberto Mondesi,2B,1,,,,,,1,,Joey Wendle,,,,,,,,,,,,,,,,,,,
2019-04-25,Braves,Ender Inciarte,CF,Reds,Jesse Winkler,3B,,1,,,,,,Freddie Freeman,Josh Donaldson,,,,,,,,,,,,,,,,,,,
2019-04-25,Phillies,Nick Williams,LF,Marlins,Miguel Rojas,Home,1,,,,,,1,,JT Realmuto,,95.5mph,,,,,,,,,,,,,,,,,
2019-04-25,Braves,Ronald Acuña Jr.,LF,Reds,Eugenio Suarez,2B,,1,,,,,,Dansby Swanson,Johan Camargo,,,,,,,,,,,,,,,,,,,
2019-04-25,Reds,Yasiel Puig,RF,Braves,Freddie Freeman,2B,1,,1,,,,,,Eugenio Suarez,,,,,,,,,,,,,,,,,,,
2019-04-26,Reds,Jesse Winker,LF,Cardinals,Jedd Gyorko,2B,1,,,,,,1,,Jose Peraza,,terrifc,,,,,,,,,,,,,,,,,
2019-04-26,Rangers,Joey Gallo,LF,Mariners,Domingo Santana,3B,1,,,,,,,,Logan Forsythe,,,,,,,,,,,,,,,,,,,
2019-04-26,Royals,Jorge Soler,RF,Angels,Kevan Smith,3B,1,,,,,,,,Chris Owings,,,,,,,,,,,,,,,,,,,
2019-04-26,Giants,Steven Duggar,RF,Yankees,Luke Voit,3B,1,,,,,,1,,Evan Longoria,,,,,,,,,,,,,,,,,,,
2019-04-27,Brewers,Ben Gamel,LF,Mets,Travis d'Arnaud,2B,1,,,,,,,,Mike Moustakas,,,,,,,,,,,,,,,,,,,
2019-04-27,Phillies,Bryce Harper,RF,Marlins,Curtis Granderson,Home,1,,,,,,1,,JT Realmuto,,,,,,,,,,,,,,,,,,,
2019-04-27,Cardinals,Dexter Fowler,CF,Reds,Eugenio Suarez,Home,1,,,,,,1,,Yadier Molina,,,,,,,,,,,,,,,,,,,
2019-04-27,Mets,Michael Conforto,RF,Brewers,Travis Shaw,3B,,1,,,,,,Pete Alonso,JD Davis,,,,,,,,,,,,,,,,,,,
2019-04-27,Giants,Tyler Austin,LF,Yankees,Gleyber Torres,3B,1,,,,,,,,Evan Longoria,,longo did well,,,,,,,,,,,,,,,,,
2019-04-28,Brewers,Ben Gamel,RF,Mets,Steven Matz,1B,1,,,,,,,,Jesus Aguilar,,DP/Terrific catch,,,,,,,,,,,,,,,,,
2019-04-28,Reds,Yasiel Puig,RF,Cardinals,Dexter Fowler,2B,1,,,,1,1,,,Jose Iglesias,,wrongly marked,,,,,,,,,,,,,,,,,
2019-04-29,Dodgers,Cody Bellinger,RF,Giants,Brandon Crawford,3B,1,,,,,,1,,Justin Turner,,Terrific,,,,,,,,,,,,,,,,,
2019-04-29,Giants,Gerardo Parra,RF,Dodgers,David Freese,1B,1,,,,1,,,,Sam Dyson,,wrongly marked,,,,,,,,,,,,,,,,,
2019-04-29,WhiteSox,Leury Garcia,LF,Orioles,Chirs Davis,2B,,1,,,1,1,,Yoan Moncada;Jose Rondon;Jose Abreu,Tim Anderson,,,,,,,,,,,,,,,,,,,
2019-04-30,Rangers,Joey Gallo,CF,Pirates,Josh Bell,3B,,1,,,,,,Elvis Andrus,Asdrubal Cabrera,,,,,,,,,,,,,,,,,,,
2019-04-30,Mets,Juan Lagares,CF,Reds,Joey Votto,1B,1,,,,1,,,,Pete Alonso,,,,,,,,,,,,,,,,,,,
2019-05-01,Royals,Alex Gordon,LF,Rays,Avisail Garcia,1B,,1,,,1,1,,,-,,didn't pick the base,,,,,,,,,,,,,,,,,
2019-05-01,Indians,Jordan Luplow,RF,Marlins,Curtis Granderson,3B,1,,,,,,,,Jose Ramirez,,,,,,,,,,,,,,,,,,,
2019-05-01,WhiteSox,Nicky Delmonico,LF,Orioles,Dwight Smith Jr.,2B,1,,,,,,1,,Yolmer Sanchez,,DP,,,,,,,,,,,,,,,,,
2019-05-01,Tigers,Niko Goodrum,LF,Phillies,Sean Rodriguez,3B,,1,,,,,,John Hicks,Jeimer Candelario,,,,,,,,,,,,,,,,,,,
2019-05-02,RedSox,Jackie Bradley Jr.,CF,Whitesox,Jose Abreu,Home,,1,,,,,,Xander Bogaerts,Christian Vazquez,,,,,,,,,,,,,,,,,,,
2019-05-03,Rangers,Joey Gallo,LF,BlueJays,Freddy Galvis,Home,1,,,,,,1,,Jeff Mathis,,97.3mph,,,,,,,,,,,,,,,,,
2019-05-03,Indians,Jordan Luplow,RF,Mariners,Tim Beckham,3B,,1,,1,,,,Francisco Lindor,Jose Ramirez,,,,,,,,,,,,,,,,,,,
2019-05-03,Twins,Marwin Gonzalez,LF,Yankees,Luke Voit,Home,1,,,,,,1,,Mitch Garver,,,,,,,,,,,,,,,,,,,
2019-05-03,Twins,Marwin Gonzalez,LF,Yankees,Luke Voit,2B,1,,,,,,,,Jonathan Schoop,,,,,,,,,,,,,,,,,,,
2019-05-03,Pirates,Starling Marte,CF,Athletics,Josh Phegley,Home,1,,,,,,1,,Francisco Cervelli,,,,,,,,,,,,,,,,,,,
2019-05-03,BlueJays,Teoscar Hernandez,LF,Rangers,Nomar Mazara,2B,1,,,1,,,,,Eric Sogard,,,,,,,,,,,,,,,,,,,
2019-05-04,Mariners,Domingo Santana,LF,Indians,Francisco Lindor,Home,1,,,1,,1,,,Omar Narvaez,,,,,,,,,,,,,,,,,,,
2019-05-04,Mariners,Jay Bruce,RF,Indians,Roberto Perez,2B,,1,,,,,,Omar Narvaez,Tim Beckham,,,,,,,,,,,,,,,,,,,
2019-05-04,Rangers,Joey Gallo,CF,BlueJays,Rowdy Tellez,2B,1,,,,,,1,,Elvis Andrus,,,,,,,,,,,,,,,,,,,
2019-05-04,Cardinals,Jose Martinez,RF,Cubs,Kris Bryant,3B,1,,,,,,1,,Matt Carpenter,,,,,,,,,,,,,,,,,,,
2019-05-04,Giants,Mike Gerber,LF,Reds,Yasiel Puig,2B,1,,,,,,,,Joe Panik,,,,,,,,,,,,,,,,,,,
2019-05-04,Brewers,Ryan Braun,LF,Mets,Jeff McNeil,2B,,1,,,,,,Travis Shaw,Mike Moustakas,,,,,,,,,,,,,,,,,,,
2019-05-05,Cubs,Ben Zobrist,LF,Cardinals,Matt Carpenter,3B,1,,,,,,,,Kris Bryant,,,,,,,,,,,,,,,,,,,
2019-05-05,Indians,Tyler Naquin,RF,Mariners,Mitch Haniger,3B,,1,,,,,,Carlos Santana;Jose Ramirez;Francisco Lindor,Jose Ramirez,,,,,,,,,,,,,,,,,,,
2019-05-06,Royals,Billy Hamilton,CF,Astros,Alex Bregman,2B,1,,,,,,,,Whit Merrifield,,,,,,,,,,,,,,,,,,,
2019-05-06,Royals,Jorge Soler,RF,Astros,George Springer,3B,,1,,,,,,Whit Merrifield,Kelvin Gutierrez,,,,,,,,,,,,,,,,,,,
2019-05-06,Indians,Tyler Naquin,RF,Whitesox,Leury Garcia,Home,,1,,,,,,Francisco Lindor,Roberto Perez,,,,,,,,,,,,,,,,,,,
2019-05-07,Marlins,Brian Anderson,RF,Cubs,Javier Baez,2B,1,,1,,,,,,Miguel Rojas,,,,,,,,,,,,,,,,,,,
2019-05-07,Rangers,Joey Gallo,LF,Pirates,Starling Marte,2B,,1,,,,,,Elvis Andrus,Rougned Odor,,,,,,,,,,,,,,,,,,,
2019-05-07,Giants,Mac Williamson,LF,Rockies,Raimel Tapia,Home,,1,,,,,,Brandon Crawford,Buster Posey,,Crawford nailed it,,,,,,,,,,,,,,,,,
2019-05-07,Mets,Michael Conforto,RF,Padres,Ty France,2B,1,,,,,,,,Amed Rosario,,,,,,,,,,,,,,,,,,,
2019-05-07,Rockies,Raimel Tapia,LF,Giants,Joe Panik,3B,,1,,,,,,Nolan Arenado,Trevor Story,,,,,,,,,,,,,,,,,,,
2019-05-08,DBacks,Jarrod Dyson,CF,Rays,Tommy Pham,Home,,1,,,,,,Nick Ahmed;Wilmer Flores;Ketel Marte,JR Murphy,,,,,,,,,,,,,,,,,,,
2019-05-08,Rays,Tommy Pham,LF,DBacks,Wilmer Flores,2B,1,,,,,,,,Brandon Lowe,,,,,,,,,,,,,,,,,,,
2019-05-09,DBacks,Jarrod Dyson,CF,Braves,Ozzie Albies,3B,1,,1,,,,,,Eduardo Escobar,,,,,,,,,,,,,,,,,,,
2019-05-09,Athletics,Stephen Piscotty,RF,Reds,Jose Peraza,3B,1,,,1,,,,,Matt Chapman,,,,,,,,,,,,,,,,,,,
2019-05-10,Marlins,Brian Anderson,RF,Mets,Jeff McNeil,3B,1,,,,,,1,,Martin Prado,,Rockkkkket,,,,,,,,,,,,,,,,,
2019-05-12,DBacks,Adam Jones,RF,Braves,Tyler Flowers,2B,,1,,,,,,Carson Kelly;Wilmer Flores,Nick Ahmed,,kelly's determination was great,,,,,,,,,,,,,,,,,
2019-05-12,Dodgers,Cody Bellinger,RF,Nationals,Stephen Strasburg,1B,1,,,,,,1,,Max Muncy,,,,,,,,,,,,,,,,,,,
2019-05-12,Padres,Franmil Reyes,RF,Rockies,David Dahl,2B,1,,,,,,,,Manny Machado,,,,,,,,,,,,,,,,,,,
2019-05-12,Giants,Kevin Pillar,CF,Reds,Jose Iglesias,Home,1,,,,,,1,,Erik Kratz,,,,,,,,,,,,,,,,,,,
2019-05-12,Cardinals,Marcell Ozuna,LF,Pirates,Josh Bell,Home,1,,,,,,,,Yadier Molina,,,,,,,,,,,,,,,,,,,
2019-05-14,Twins,Byron Buxton,CF,Angels,Ohtani Shohei,Home,1,,,,,,1,,Mitch Garver,,98.6mph,,,,,,,,,,,,,,,,,
2019-05-14,Twins,Max Kepler,RF,Angels,Ohtani Shohei,3B,,1,,,,,,Jorge Polanco,Marwin Gonzalez,,,,,,,,,,,,,,,,,,,
2019-05-14,WhiteSox,Nicky Delmonico,LF,Indians,Carlos Santana,2B,,1,,,,,,James McCann,Yolmer Sanchez,,,,,,,,,,,,,,,,,,,
2019-05-15,Cubs,Jason Heyward,RF,Reds,Jesse Winkler,Home,,1,,,,,,Addison Russell,Taylor Davis,,,,,,,,,,,,,,,,,,,
2019-05-15,Rockies,Raimel Tapia,LF,RedSox,Jackie Bradley Jr,2B,1,,,,,,,,Trevor Story,,,,,,,,,,,,,,,,,,,
2019-05-16,Pirates,Bryan Reynolds,LF,Padres,Austin Hedges,2B,1,,,,,,1,,Adam Frazier,,,,,,,,,,,,,,,,,,,
2019-05-16,Mariners,Domingo Santana,LF,Twins,Eddie Rosario,3B,1,,,,1,1,,,Ryon Healy,,overrun too much,,,,,,,,,,,,,,,,,
2019-05-16,Indians,Leonys Martin,CF,Orioles,Dwight Smith Jr.,2B,1,,,,,,1,,Francisco Lindor,,93mph,,,,,,,,,,,,,,,,,
2019-05-16,Cardinals,Marcell Ozuna,LF,Braves,Ozzie Albies,3B,,1,,,,,,Matt Carpenter,Paul DeJong,,great cut-off play by Carpenter,,,,,,,,,,,,,,,,,
2019-05-17,Phillies,Andrew McCutchen,LF,Rockies,Mark Reynolds,Home,1,,,,,,1,,JT Realmuto,,,,,,,,,,,,,,,,,,,
2019-05-17,Rangers,Joey Gallo,CF,Cardinals,Kolten Wong,3B,1,,,,,,1,,Asdrubal Cabrera,,,,,,,,,,,,,,,,,,,
2019-05-17,Indians,Leonys Martin,CF,Orioles,Steve Wilkerson,2B,,1,,,,1,,Jason Kipnis;Kevin Plawecki,Francisco Lindor,,Plaweski pumbled,mlb record wrong,,,,,,,,,,,,,,,,
2019-05-18,Rays,Austin Meadows,LF,Yankees,Aaron Hicks,Home,1,,,,,,1,,Erik Kratz,,,,,,,,,,,,,,,,,,,
2019-05-18,Brewers,Christian Yelich,RF,Braves,Austin Riley,1B,1,,,,1,,,,Jesus Aguilar,,Hit n run miss,,,,,,,,,,,,,,,,,
2019-05-18,Brewers,Christian Yelich,RF,Braves,Nick Markakis,Home,1,,,,,,1,,Yasmani Grandal,,,,,,,,,,,,,,,,,,,
2019-05-18,RedSox,Jackie Bradley Jr.,CF,Astros,Max Stassi,Home,,1,,,,,,Christian Vazquez;Xander Bogaerts;Christian Vazquez,Rafael Devers,,DP,,,,,,,,,,,,,,,,,
2019-05-18,Astros,Michael Brantley,LF,RedSox,Michael Chavis,2B,1,,,,,,1,,Yuli Gurriel,,,,,,,,,,,,,,,,,,,
2019-05-19,Cubs,Jason Heyward,RF,Nationals,Gerardo Parra,2B,1,,,,1,,,,Javier Baez,,passed the base,,,,,,,,,,,,,,,,,
2019-05-20,Phillies,Bryce Harper,RF,Cubs,Anthony Rizzo,Home,1,,,,,,1,,JT Realmuto,,96mph;DP,,,,,,,,,,,,,,,,,
2019-05-20,Cubs,Jason Heyward,RF,Phillies,Jean Segura,2B,1,,,,,,,,Addison Russell,,,,,,,,,,,,,,,,,,,
2019-05-20,Giants,Mac Williamson,LF,Braves,Josh Donaldson,2B,1,,,,,,,,Joe Panik,,,,,,,,,,,,,,,,,,,
2019-05-21,Dodgers,Alex Verdugo,CF,Rays,Kevin Kiermaier,3B,1,,,,,,,,Corey Seager,,,,,,,,,,,,,,,,,,,
2019-05-22,Yankees,Brett Gardner,CF,Orioles,Pedro Severino,Home,1,,,,,,1,,Gary Sanchez,https://twitter.com/MLBReplays/status/1131387455360442370,terrific precision,,,,,,,,,,,,,,,,,
2019-05-22,Astros,Jake Marisnick,CF,Whitesox,Tim Anderson,1B,,1,,,,,,Carlos Correa,Tyler White,,,,,,,,,,,,,,,,,,,
2019-05-22,DBacks,Ketel Marte,CF,Padres,Eric Hosmer,2B,1,,,,,,,,Nick Ahmed,,,,,,,,,,,,,,,,,,,
2019-05-22,Rays,Kevin Kiermaier,CF,Dodgers,Cody Bellinger,Home,1,,,,,,1,,Travis d'Arnaud,,,,,,,,,,,,,,,,,,,
2019-05-22,Braves,Nick Markakis,RF,Giants,Buster Posey,2B,1,,,,,,,,Dansby Swanson,,Swanson's tag play was terrific,,,,,,,,,,,,,,,,,
2019-05-23,Marlins,Garrett Cooper,RF,Tigers,Christin Stewart,Home,,1,,,,,,Starlin Castro,Jorge Alfaro,,,,,,,,,,,,,,,,,,,
2019-05-25,Marlins,Austin Dean,LF,Nationals,Adam Eaton,3B,,1,,,,,,Starlin Castro,Brain Anderson,,,,,,,,,,,,,,,,,,,
2019-05-25,Dbacks,Blake Swihart,RF,Giants,Kevin Pillar,3B,1,,1,,,1,1,,Eduardo Escobar,,throw was best catch wasn't,,,,,,,,,,,,,,,,,
2019-05-25,Yankees,Clint Frazier,RF,Royals,Alex Gordon,Home,1,,1,,,,,,Austin Romine,,,,,,,,,,,,,,,,,,,
2019-05-25,Yankees,Clint Frazier,RF,Royals,Adalberto Mondesi,3B,,1,,1,,,,Gleyber Torres,Gio Urshela,,Gardner dropped,,,,,,,,,,,,,,,,,
2019-05-25,Giants,Kevin Pillar,RF,DBacks,Adam Jones,1B,,1,,,,,,Joe Panik,Brandon Belt,https://twitter.com/MLBReplays/status/1132410246813630464,DP;terrific catch and relay;wrong record,,,,,,,,,,,,,,,,,
2019-05-26,Dbacks,Blake Swihart,LF,Giants,Mike Yastrzemski,2B,1,,,,,,,,Christian Walker,,,,,,,,,,,,,,,,,,,
2019-05-26,Cardinals,Dexter Fowler,RF,Braves,Ozzie Albies,2B,,1,,,,,,Paul Goldschmidt;Paul DeJong;Kolten Wong,Paul Goldschmidt,,,,,,,,,,,,,,,,,,,
2019-05-26,BlueJays,Lourdes Gurriel Jr,LF,Padres,Eric Hosmer,2B,1,,,,,,,,Cavan Biggio,,biggio's catch was good,,,,,,,,,,,,,,,,,
2019-05-26,Reds,Nick Senzel,CF,Cubs,Anthony Rizzo,Home,1,,,,,,1,,Curt Casali,,96mph,,,,,,,,,,,,,,,,,
2019-05-27,Pirates,Bryan Reynolds,LF,Reds,Tucker Barnhart,3B,1,,,,,,,,Colin Moran,,,,,,,,,,,,,,,,,,,
2019-05-27,Dodgers,Cody Bellinger,RF,Mets,Michael Conforto,Home,1,,,,,,1,,Russell Martin,,,,,,,,,,,,,,,,,,,
2019-05-27,Dodgers,Cody Bellinger,RF,Mets,Carlos Gomez,3B,1,,,,,,1,,Justin Turner,,DP,,,,,,,,,,,,,,,,,
2019-05-27,Nationals,Gerardo Parra,CF,Marlins,Jorge Alfaro,2B,1,,,,,,,,Trea Turner,,DP;terrific catch ,,,,,,,,,,,,,,,,,
2019-05-27,Dodgers,Joc Pederson,LF,Mets,Tomas Nido,Home,,1,,,,,,Corey Seager,Russell Martin,,,,,,,,,,,,,,,,,,,
2019-05-27,Orioles,Steve Wilkerson,RF,Tigers,Nicholas Castellanos,3B,,1,,,,,,Richie Martin,Hanser Alberto,,nice cut-off by martin,,,,,,,,,,,,,,,,,
2019-05-27,Royals,Whit Merrifield,RF,Whitesox,James McCann,2B,1,,,,,,1,,Adalberto Mondesi,,,,,,,,,,,,,,,,,,,
2019-05-27,Royals,Whit Merrifield,RF,Whitesox,Jose Rondon,2B,1,,,,1,,,,Adalberto Mondesi,https://twitter.com/MLBReplays/status/1133164561027293184,,,,,,,,,,,,,,,,,,
2019-05-28,Cardinals,Harrison Bader,CF,Phillies,Bryce Harper,Home,1,,,,,,1,,Yadier Molina,,,,,,,,,,,,,,,,,,,
2019-05-28,Twins,Max Kepler,CF,Brewers,Ryan Braun,2B,1,,,,,1,,,Jorge Polanco,https://twitter.com/MLBReplays/status/1133553381505736704,DP,,,,,,,,,,,,,,,,,
2019-05-28,Pirates,Starling Marte,CF,Reds,Tucker Barnhart,2B,,1,,,,,,Elias Diaz,Kevin Newman,,,,,,,,,,,,,,,,,,,
2019-05-28,Reds,Yasiel Puig,RF,Pirates,Starling Marte,2B,1,,,1,,,,,Jose Iglesias,,,,,,,,,,,,,,,,,,,
2019-05-29,DBacks,Blake Swihart,LF,Rockies,Ian Desmond,3B,,1,,,,,,Nick Ahmed,Eduardo Escobar,,,,,,,,,,,,,,,,,,,
2019-05-29,Mets,Carlos Gomez,CF,Dodgers,Corey Seager,3B,1,,1,,,,1,,Todd Frazier,,97.6mph,,,,,,,,,,,,,,,,,
2019-05-29,Cardinals,Dexter Fowler,RF,Phillies,Rhys Hoskins,Home,,1,,,,,,Paul Goldschmidt,Yairo Munoz,,,,,,,,,,,,,,,,,,,
2019-05-29,WhiteSox,Eloy Jimenez,LF,Royals,Nicky Lopez,2B,,1,,,,,,Yoan Moncada,Yolmer Sanchez,,terrific cut-off,,,,,,,,,,,,,,,,,
2019-05-29,Dodgers,Joc Pederson,LF,Mets,Adeiny Hechavarria,3B,,1,,,,,,Corey Seager;Matt Beaty,Justin Turner,,Beaty's decision was great,,,,,,,,,,,,,,,,,
2019-05-30,Twins,Byron Buxton,CF,Rays,Willy Adames,2B,1,,1,,,1,,,Luis Arraez,,,,,,,,,,,,,,,,,,,
2019-05-31,Rays,Kevin Kiermaier,CF,Twins,Willians Astudillo,Home,1,,,1,,,,,Mike Zunino,,,,,,,,,,,,,,,,,,,
2019-05-31,BlueJays,Lourdes Gurriel Jr,LF,Rockies,David Dahl,Home,,1,,,,,,Freddy Galvis,Luke Maile,,,,,,,,,,,,,,,,,,,
2019-05-31,Nationals,Victor Robles,CF,Reds,Nick Senzel,Home,1,,,,,,1,,Yan Gomes,,,,,,,,,,,,,,,,,,,
2019-06-01,WhiteSox,Charles Tilson,RF,Indians,Francisco Lindor,2B,,1,,,,,,Yolmer Sanchez,Tim Anderson,,,,,,,,,,,,,,,,,,,
2019-06-01,Athletics,Ramon Laureano,CF,Astros,Robinson Chirinos,2B,1,,1,,,,1,,Jurickson Profar,,,,,,,,,,,,,,,,,,,
2019-06-02,Twins,Byron Buxton,CF,Rays,Austin Meadows,1B,1,,,,,,1,,CJ Cron,,DP;terrific catch and throw,,,,,,,,,,,,,,,,,
2019-06-02,Yankees,Clint Frazier,RF,RedSox,Eduardo Nunez,2B,,1,,,,,,Gleyber Torres,DJ LeMahieu,,throw was really impressive,,,,,,,,,,,,,,,,,
2019-06-02,Rays,Kevin Kiermaier,CF,Twins,Miguel Sano,3B,,1,,1,,,,Willy Adames;Mike Zunino;Daniel Robertson;Christian Arroyo,Daniel Robertson,,Lowe's d was awful...,,,,,,,,,,,,,,,,,
2019-06-03,DBacks,David Peralta,LF,Dodgers,David Freese,Home,1,,,,,,1,,Carson Kelly,,wow,,,,,,,,,,,,,,,,,
2019-06-03,Padres,Hunter Renfroe,LF,Phillies,JT Realmuto,2B,1,,,,,,1,,Ian Kinsler,,really smooth defense,,,,,,,,,,,,,,,,,
2019-06-04,Dodgers,Cody Bellinger,RF,DBacks,Taylor Clarke,2B,1,,,1,,,1,,Corey Seager,https://twitter.com/MLBReplays/status/1136116090310971392,,,,,,,,,,,,,,,,,,
2019-06-04,RedSox,Jackie Bradley Jr.,CF,Royals,Billy Hamilton,2B,1,,,,,,1,,Xander Bogaerts,,DP;terrific throw,,,,,,,,,,,,,,,,,
2019-06-04,DBacks,Ketel Marte,CF,Dodgers,Russell Martin,Home,1,,,,,,1,,Carson Kelly,,,,,,,,,,,,,,,,,,,
2019-06-04,Mets,Michael Conforto,RF,Giants,Evan Longoria,Home,,1,,,,,,Jeff McNeil,Wilson Ramos,,,,,,,,,,,,,,,,,,,
2019-06-05,Braves,Austin Riley,LF,Pirates,Starling Marte,Home,,1,,,,,,Dansby Swanson,Brian McCann,,,,,,,,,,,,,,,,,,,
2019-06-05,Angels,Brian Goodwin,LF,Athletics,Matt Olson,2B,,1,,,,,,David Fletcher,Luis Rengifo,,,,,,,,,,,,,,,,,,,
2019-06-05,Yankees,Clint Frazier,RF,BlueJays,Teoscar Hernandez,3B,,1,,,,,,Luke Voit;Gleyber Torres,-,,Gio Urshela missed it,,,,,,,,,,,,,,,,,
2019-06-05,Indians,Jake Bauers,LF,Twins,Max Kepler,3B,,1,,,,,,Jose Ramirez;Jason Kipnis,Francisco Lindor,,,,,,,,,,,,,,,,,,,
2019-06-05,Marlins,JT Riddle,CF,Brewers,Yasmani Grandal,Home,,1,,,,,,Miguel Rojas,Bryan Holaday,https://twitter.com/MLBReplays/status/1136447413676326912,,,,,,,,,,,,,,,,,,
2019-06-05,Marlins,JT Riddle,CF,Brewers,Christian Yelich,2B,1,,,,,,1,,Starlin Castro,,,,,,,,,,,,,,,,,,,
2019-06-06,Nationals,Michael Taylor,CF,Padres,Manny Machado,3B,1,,,,,,,,Anthony Rendon,,sloppy running,,,,,,,,,,,,,,,,,
2019-06-07,Rangers,Danny Santana,LF,Athletics,Matt Chapman,3B,1,,,,,,,,Asdrubal Cabrera,,,,,,,,,,,,,,,,,,,
2019-06-07,Padres,Josh Naylor,LF,Nationals,Yan Gomes,3B,1,,,,,,1,,Manny Machado,,DP,,,,,,,,,,,,,,,,,
2019-06-07,Cardinals,Marcell Ozuna,LF,Cubs,Anthony Rizzo,Home,1,,,,,1,,,Matt Wieters,,weird call,,,,,,,,,,,,,,,,,
2019-06-07,Indians,Tyler Naquin,RF,Yankees,Didi Gregorius,2B,1,,,,,,1,,Francisco Lindor,,,,,,,,,,,,,,,,,,,
2019-06-08,Orioles,Anthony Santander,RF,Astros,Michael Brantley,1B,1,,,,,,1,,Trey Mancini,,robbed HR,,,,,,,,,,,,,,,,,
2019-06-08,Brewers,Christian Yelich,RF,Pirates,Kevin Newman,2B,1,,,,,,1,,Orlando Arcia,,,,,,,,,,,,,,,,,,,
2019-06-08,RedSox,Jackie Bradley Jr.,CF,Rays,Yandy Diaz,2B,1,,,,1,,,,Xander Bogaerts,https://twitter.com/MLBReplays/status/1137462536947806211,,,,,,,,,,,,,,,,,,
2019-06-08,Twins,Marwin Gonzalez,LF,Tigers,Dawel Lugo,Home,,1,,,,,,Miguel Sano,Jason Castro,,,,,,,,,,,,,,,,,,,
2019-06-08,RedSox,Mookie Betts,RF,Rays,Tommy Pham,3B,,1,,,,,,Sandy Leon,Rafael Devers,,nice cutoff by Leon,,,,,,,,,,,,,,,,,
2019-06-08,RedSox,Mookie Betts,RF,Rays,Willy Adames,2B,1,,,1,1,,,,Michael Chavis,,2B dropped the ball due to sunshine,,,,,,,,,,,,,,,,,
2019-06-09,Braves,Matt Joyce,RF,Marlins,Miguel Rojas,3B,,1,,,,,,Ozzie Albies,Josh Donaldson,,,,,,,,,,,,,,,,,,,
2019-06-09,Twins,Max Kepler,RF,Tigers,Nicholas Castellanos,2B,1,,,,1,,,,Ehire Adrianza,,DP,,,,,,,,,,,,,,,,,
2019-06-09,RedSox,Sam Travis,LF,Rays,Tommy Pham,2B,1,,,,,,,,Marco Hernandez,,,,,,,,,,,,,,,,,,,
2019-06-10,Cubs,Jason Heyward,RF,Rockies,Ryan McMahon,2B,1,,,,,,,,Javier Baez,,,,,,,,,,,,,,,,,,,
2019-06-10,Rangers,Nomar Mazara,RF,RedSox,Brock Holt,Home,1,,,,,1,1,,Tim Fedorowicz,,,,,,,,,,,,,,,,,,,
2019-06-11,Padres,Hunter Renfroe,RF,Giants,Stephen Vogt,2B,1,,,,,,1,,Fernando Tatis Jr.,,woooow,,,,,,,,,,,,,,,,,
2019-06-11,Mets,JD Davis,LF,Yankees,Gio Urshela,3B,1,,,,,,,,Todd Frazier,,DP,,,,,,,,,,,,,,,,,
2019-06-11,Cubs,Kyle Schwarber,LF,Rockies,Daniel Murphy,2B,1,,,,,,1,,Addison Russell,https://twitter.com/MLBReplays/status/1138645071878926336,,,,,,,,,,,,,,,,,,
2019-06-11,Mariners,Mac Williamson,LF,Twins,Jorge Polanco,2B,1,,,,,,1,,Dee Gordon,,proper D,,,,,,,,,,,,,,,,,
2019-06-11,RedSox,Sam Travis,LF,Rangers,Asdrubal Cabrera,2B,1,,,,,,,,Marco Hernandez,,,,,,,,,,,,,,,,,,,
2019-06-12,Mariners,Shed Long,LF,Twins,Miguel Sano,2B,1,,,,,1,,,Dee Gordon,,an error by Seager involved,,,,,,,,,,,,,,,,,
2019-06-12,Rays,Tommy Pham,LF,Athletics,Khris Davis,3B,1,,,,,,,,Christian Arroyo,,,,,,,,,,,,,,,,,,,
2019-06-13,Mets,Carlos Gomez,LF,Cardinals,Harrison Bader,3B,,1,,,,,,Jeff McNeil,Pete Alonso,,,,,,,,,,,,,,,,,,,
2019-06-13,Rockies,Charlie Blackmon,RF,Padres,Manny Machado,2B,,1,,,,,,Daniel Murphy,Trevor Story,,,,,,,,,,,,,,,,,,,
2019-06-13,Cardinals,Harrison Bader,CF,Mets,Todd Frazier,3B,,1,,,,,,Matt Carpenter,Kolten Wong,,DP with great catch,,,,,,,,,,,,,,,,,
2019-06-14,Braves,Austin Riley,LF,Phillies,Jean Segura,2B,1,,,,,,1,,Dansby Swanson,,DP; Swanson good D,,,,,,,,,,,,,,,,,
2019-06-14,RedSox,JD Martinez,RF,Orioles,Trey Mancini,Home,1,,,,,,1,,Christian Vazquez,,DP,,,,,,,,,,,,,,,,,
2019-06-14,Mets,Michael Conforto,RF,Cardinals,Matt Carpenter,1B,1,,,,1,,,,Pete Alonso,,,,,,,,,,,,,,,,,,,
2019-06-15,BlueJays,Lourdes Gurriel Jr.,LF,Astros,Alex Bregman,2B,1,,,,,,1,,Eric Sogard,,,,,,,,,,,,,,,,,,,
2019-06-15,BlueJays,Lourdes Gurriel Jr.,LF,Astros,Myles Straw,2B,1,,,,,,1,,Eric Sogard,,,,,,,,,,,,,,,,,,,
2019-06-15,Braves,Nick Markakis,RF,Phillies,Jay Bruce,Home,,1,,,,,,Ozzie Albies,Tyler Flowers,https://twitter.com/MLBReplays/status/1140075909380222977,,,,,,,,,,,,,,,,,,
2019-06-15,Pirates,Starling Marte,CF,Marlins,Brian Anderson,Home,1,,,,,,1,,Elias Diaz,,99.9mph,,,,,,,,,,,,,,,,,
2019-06-15,Royals,Whit Merrifield,RF,Twins,Jonathan Schoop,2B,1,,,,,,1,,Adalberto Mondesi,,terrific,,,,,,,,,,,,,,,,,
2019-06-15,Padres,Will Myers,CF,Rockies,Ryan McMahon,2B,1,,,,1,,,,Ian Kinsler,,somewhat sloppy,,,,,,,,,,,,,,,,,
2019-06-16,Angels,Brian Goodwin,RF,Rays,Austin Meadows,Home,1,,,,,,1,,Jonathan Lucroy,,DP,,,,,,,,,,,,,,,,,
2019-06-16,Cardinals,Dexter Fowler,RF,Mets,Juan Lagares,2B,,1,,,,,,Paul Goldschmidt,Paul DeJong,,,,,,,,,,,,,,,,,,,
2019-06-17,Twins,Marwin Gonzalez,RF,RedSox,Andrew Benintendi,2B,1,,,,,,1,,Jorge Polanco,,,,,,,,,,,,,,,,,,,
2019-06-17,BlueJays,Randal Grichuk,CF,Angels,Kole Calhoun,2B,1,,,,,,,,Freddy Galvis,,,,,,,,,,,,,,,,,,,
2019-06-18,Pirates,Bryan Reynolds,LF,Tigers,John Hicks,2B,1,,,,,,1,,Adam Frazier,,Hicks arrived at 2nd by error,,,,,,,,,,,,,,,,,
2019-06-18,Angels,Kole Calhoun,RF,BlueJays,Randal Grichuk,3B,1,,,,,,1,,David Fletcher,,,,,,,,,,,,,,,,,,,
2019-06-18,Reds,Nick Senzel,CF,Astros,Yordan Alvarez,3B,1,,,,1,,,,Eugenio Suarez,,sloppy sliding,,,,,,,,,,,,,,,,,
2019-06-19,WhiteSox,Charles Tilson,RF,Cubs,Kyle Schwarber,3B,,1,,,,,,Jose Abreu,Yoan Moncada,,,,,,,,,,,,,,,,,,,
2019-06-19,Braves,Charlie Culberson,RF,Mets,JD Davis,Home,1,,,,,,1,,Tyler Flowers,https://twitter.com/MLBReplays/status/1141533863048568832,,,,,,,,,,,,,,,,,,
2019-06-19,Nationals,Gerardo Parra,CF,Phillies,Bryce Harper,3B,1,,,,,,,,Anthony Rendon,https://twitter.com/MLBReplays/status/1141431149031559169,,,,,,,,,,,,,,,,,,
2019-06-19,RedSox,Jackie Bradley Jr.,CF,Twins,CJ Cron,Home,1,,,1,,,1,,Sandy Leon,,,,,,,,,,,,,,,,,,,
2019-06-19,DBacks,Jarrod Dyson,CF,Rockies,Trevor Story,2B,1,,,,,,1,,Nick Ahmed,,,,,,,,,,,,,,,,,,,
2019-06-19,Reds,Jesse Winker,LF,Astros,Tony Kemp,Home,1,,,,,,1,,Curt Casali,https://twitter.com/MLBReplays/status/1141482342306975744,,,,,,,,,,,,,,,,,,
2019-06-19,Indians,Jordan Luplow,RF,Rangers,Nomar Mazara,1B,1,,,,,,,,Carlos Santana,,maybe one of the best D plays of the szn,,,,,,,,,,,,,,,,,
2019-06-19,Marlins,JT Riddle,CF,Cardinals,Paul DeJong,2B,,1,,,,,,Starlin Castro,Yadiel Rivera,,weird;is this switch?;it was infield DP,,,,,,,,,,,,,,,,,
2019-06-19,Brewers,Lorenzo Cain,CF,Padres,Eric Hosmer,3B,,1,,,,1,,Orlando Arcia,Travis Shaw,https://twitter.com/MLBReplays/status/1141484071857659904,weird hr call,,,,,,,,,,,,,,,,,
2019-06-19,Rockies,Raimel Tapia,LF,Astros,Zack Greinke,2B,1,,,,,,,,Ryan McMahon,,,,,,,,,,,,,,,,,,,
2019-06-19,Braves,Ronald Acuña Jr.,CF,Mets,Amed Rosario,3B,,1,,,,,,Dansby Swanson,Josh Donaldson,,,,,,,,,,,,,,,,,,,
2019-06-19,Pirates,Starling Marte,CF,Tigers,Nicholas Castellanos,2B,1,,,,,,,,Adam Frazier,,,,,,,,,,,,,,,,,,,
2019-06-19,Giants,Tyler Austin,LF,Dodgers,Justin Turner,2B,1,,,,,,,,Joe Panik,,,,,,,,,,,,,,,,,,,
2019-06-20,Nationals,Adam Eaton,RF,Phillies,Bryce Harper,Home,1,,,,,,1,,Kurt Suzuki,,,,,,,,,,,,,,,,,,,
2019-06-20,Cardinals,Harrison Bader,CF,Marlins,Miguel Rojas,1B,,1,,,,,,Yadier Molina,Paul Goldschmidt,,on the way to 2nd. out at 1B,,,,,,,,,,,,,,,,,
2019-06-21,Rays,Guillermo Heredia,RF,Athletics,Matt Olson,2B,1,,,,,,,,Willy Adames,,,,,,,,,,,,,,,,,,,
2019-06-21,Padres,Hunter Renfroe,LF,Pirates,Starling Marte,3B,1,,,,,,,,Fernando Tatis Jr.,,running tag,,,,,,,,,,,,,,,,,
2019-06-21,Phillies,Jay Bruce,LF,Marlins,Starlin Castro,2B,1,,,,1,,,,Cesar Hernandez,,,,,,,,,,,,,,,,,,,
2019-06-21,Mets,Jeff McNeil,LF,Cubs,Anthony Rizzo,3B,,1,,,,,,Robinson Cano;Todd Frazier,Robinson Cano,,,,,,,,,,,,,,,,,,,
2019-06-21,Giants,Kevin Pillar,CF,DBacks,Adam Jones,2B,,1,,,,,,Evan Longoria,Joe Panik,,,,,,,,,,,,,,,,,,,
2019-06-21,Cubs,Kris Bryant,RF,Mets,Jeff McNeil,2B,,1,,,,,,Anthony Rizzo,Javier Baez,,,,,,,,,,,,,,,,,,,
2019-06-21,Rays,Tommy Pham,LF,Athletics,Khris Davis,Home,,1,,,,1,,Willy Adames,Travis d'Arnaud,,Adames throw was terrific,,,,,,,,,,,,,,,,,
2019-06-21,Indians,Tyler Naquin,RF,Indians,Christin Stewart,1B,1,,,,,,1,,Carlos Santana,,,,,,,,,,,,,,,,,,,
2019-06-22,Yankees,Aaron Judge,RF,Astros,Max Stassi,2B,1,,,,,,1,,Didi Gregorius,,,,,,,,,,,,,,,,,,,
2019-06-22,WhiteSox,Charles Tilson,RF,Rangers,Asdrubal Cabrera,Home,,1,,,,,,Yolmer Sanchez,Zack Collins,https://twitter.com/MLBReplays/status/1142654751970144256,,,,,,,,,,,,,,,,,,
2019-06-22,WhiteSox,Charles Tilson,RF,Rangers,Willie Calhoun,3B,,1,,,,,,Yolmer Sanchez,Yoan Moncada,,,,,,,,,,,,,,,,,,,
2019-06-22,Tigers,Christin Stewart,CF,Indians,Oscar Mercado,2B,1,,,,1,,1,,Niko Goodrum,,DP,,,,,,,,,,,,,,,,,
2019-06-22,Marlins,Curtis Granderson,LF,Phillies,Bryce Harper,2B,1,,,,1,,,,Miguel Rojas,,too greedy,,,,,,,,,,,,,,,,,
2019-06-22,Phillies,Jay Bruce,LF,Marlins,Brian Anderson,2B,,1,,,,,,Jean Segura,Rhys Hoskins,,on the middle of 1 and 2B,,,,,,,,,,,,,,,,,
2019-06-22,Cubs,Kyle Schwarber,LF,Mets,Jeff McNeil,2B,1,,,,,,1,,Addison Russell,https://twitter.com/MLBReplays/status/1142531055175553024,,,,,,,,,,,,,,,,,,
2019-06-22,WhiteSox,Leury Garcia,CF,Rangers,Jeff Mathis,Home,1,,,,,,1,,Zack Collins,,,,,,,,,,,,,,,,,,,
2019-06-22,Athletics,Ramon Laureano,CF,Rays,Joey Wendle,2B,1,,,,,,1,,Jurickson Profar,,,,,,,,,,,,,,,,,,,
2019-06-22,Braves,Ronald Acuña Jr.,CF,Nationals,Juan Soto,2B,1,,,,,,,,Ozzie Albies,,,,,,,,,,,,,,,,,,,
2019-06-23,Cardinals,Harrison Bader,CF,Angels,Luis Rengifo,Home,1,,,,,,1,,Yadier Molina,,sloppy running,,,,,,,,,,,,,,,,,
2019-06-23,Mets,JD Davis,LF,Cubs,Anthony Rizzo,2B,1,,,,1,,,,Robinson Cano,,too sloppy,,,,,,,,,,,,,,,,,
2019-06-23,BlueJays,Lourdes Gurriel Jr.,LF,RedSox,Brock Holt,Home,1,,,,,,1,,Danny Jansen,,,,,,,,,,,,,,,,,,,
2019-06-23,Phillies,Roman Quinn,CF,Marlins,Garrett Cooper,Home,1,,,,,,1,,JT Realmuto,https://twitter.com/MLBReplays/status/1142870827022671880,Realmuto's catch was impressive,,,,,,,,,,,,,,,,,
2019-06-23,WhiteSox,Ryan Cordell,RF,Rangers,Delino DeShields,1B,1,,,,1,,,,Yonder Alonso,,DP;nice catch,,,,,,,,,,,,,,,,,
2019-06-24,Phillies,Bryce Harper,RF,Mets,Steven Matz,3B,1,,,,,,1,,Maikel Franco,,beautiful,,,,,,,,,,,,,,,,,
2019-06-24,Rockies,David Dahl,CF,Giants,Joe Panik,Home,,1,,,,,,Pat Valaika,Tony Wolters,https://twitter.com/MLBReplays/status/1143387873531637760,great cut-off,,,,,,,,,,,,,,,,,
2019-06-24,WhiteSox,Eloy Jimenez,LF,RedSox,Rafael Devers,3B,1,,,,1,,,,Tim Anderson,,mlb record it out at home,,,,,,,,,,,,,,,,,
2019-06-25,Padres,Franmil Reyes,RF,Orioles,Dwight Smith Jr.,3B,1,,1,,1,1,,,Manny Machado,,,,,,,,,,,,,,,,,,,
2019-06-25,RedSox,Jackie Bradley Jr.,CF,Whitesox,Tim Anderson,2B,1,,,,,,1,,Marco Hernandez,,what a athleticism,,,,,,,,,,,,,,,,,
2019-06-25,BlueJays,Lourdes Gurriel Jr.,LF,Yankees,Luke Voit,Home,1,,,,,,1,,Danny Jansen,,beautiful,,,,,,,,,,,,,,,,,
2019-06-25,Brewers,Ryan Braun,LF,Mariners,Omar Narvaez,Home,1,,,,,,1,,Yasmani Grandal,https://twitter.com/MLBReplays/status/1143728075751997440,,,,,,,,,,,,,,,,,,
2019-06-26,Rays,Avisail Garcia,RF,Twins,Eddie Rosario,2B,1,,,,,,,,Willy Adames,,Eddie injured during running to 2nd,,,,,,,,,,,,,,,,,
2019-06-26,Royals,Whit Merrifield,LF,Indians,Roberto Perez,2B,,1,,,,,,Humberto Arteaga,Nicky Lopez,,smooth,,,,,,,,,,,,,,,,,
2019-06-26,Twins,Willians Astudillo,RF,Rays,Austin Meadows,2B,,1,,,,,,CJ Cron;Jorge Polanco,CJ Cron,,,,,,,,,,,,,,,,,,,
2019-06-27,Dodgers,Alex Verdugo,CF,Rockies,Raimel Tapia,3B,1,,,1,,,1,,Justin Turner,,,,,,,,,,,,,,,,,,,
2019-06-27,Astros,Yordan Alvarez,LF,Pirates,Jung Ho Kang,2B,1,,,,,,1,,Jose Altuve,,,,,,,,,,,,,,,,,,,
2019-06-28,Indians,Jake Bauers,LF,Orioles,Anthony Santander,1B,,1,,,1,,,Yu Chang;Jason Kipnis,Carlos Santana,,overbooked 2nd base;good decision by bauers,,,,,,,,,,,,,,,,,
2019-06-28,Rays,Tommy Pham,LF,Rangers,Rougned Odor,Home,,1,,,,,,Joey Wendle,Mike Zunino,,,,,,,,,,,,,,,,,,,
2019-06-28,Tigers,Victor Reyes,CF,Nationals,Adam Eaton,2B,1,,,,,,1,,Harold Castro,,DP;great throw,,,,,,,,,,,,,,,,,
2019-06-29,Brewers,Christian Yelich,RF,Pirates,Josh Bell,Home,,1,,,,,,Keston Hiura,Yasmani Grandal,,good cutoff throw,,,,,,,,,,,,,,,,,
2019-06-29,Mets,Dominic Smith,LF,Braves,Josh Donaldson,3B,1,,,,,,1,,Todd Frazier,https://twitter.com/MLBReplays/status/1145095103607910400,,,,,,,,,,,,,,,,,,
2019-06-29,Cubs,Jason Heyward,RF,Reds,Derek Dietrich,1B,1,,,,,,1,,Anthony Rizzo,,DP;great throw,,,,,,,,,,,,,,,,,
2019-06-29,Angels,Justin Upton,LF,Athletics,Stephen Piscotty,2B,1,,,,1,,,,Luis Rengifo,,he injured after he touched the base,,,,,,,,,,,,,,,,,
2019-06-30,DBacks,Adam Jones,RF,Giants,Brandon Belt,Home,,1,,,,,,Christian Walker,Carson Kelly,,,,,,,,,,,,,,,,,,,
2019-06-30,Marlins,Curtis Granderson,LF,Phillies,-,Home,,1,,,,1,,,-,,allowed score via interference call,,,,,,,,,,,,,,,,,
2019-06-30,Twins,Ehire Adrianza,RF,Whitesox,Jose Rondon,3B,1,,,,,,1,,Marwin Gonzalez,,terrrrrific,,,,,,,,,,,,,,,,,
2019-06-30,WhiteSox,Eloy Jimenez,LF,Twins,Byron Buxton,3B,,1,,,,1,,Evan Marshall,Yoan Moncada,https://twitter.com/MLBReplays/status/1145480845479874560,catching error(Moncada) lead to Buxton's overrun,,,,,,,,,,,,,,,,,
2019-06-30,Cubs,Kyle Schwarber,LF,Reds,Eugenio Suarez,2B,1,,,,1,,,,Daniel Descalso,,smooth fence play,,,,,,,,,,,,,,,,,
2019-06-30,Brewers,Lorenzo Cain,CF,Pirates,Corey Dickerson,2B,1,,,,,,,,Mike Moustakas,https://twitter.com/MLBReplays/status/1145460898590535680,smooth,,,,,,,,,,,,,,,,,
2019-07-01,Royals,Alex Gordon,LF,BlueJays,Randal Grichuk,2B,,1,,,,,,Hunter Dozier,Cheslor Cuthbert,,Dozier's cutoff and run was good,,,,,,,,,,,,,,,,,
2019-07-01,Pirates,Starling Marte,CF,Cubs,Albert Almora Jr.,3B,1,,,,,,1,,Colin Moran,,,,,,,,,,,,,,,,,,,
2019-07-02,Royals,Billy Hamilton,CF,Indians,Jake Bauers,Home,,1,,,,,,Adalberto Mondesi,Martin Maldonado,,,,,,,,,,,,,,,,,,,
2019-07-02,Twins,Marwin Gonzalez,LF,Athletics,Mark Canha,Home,1,,,,,,1,,Jason Castro,,,,,,,,,,,,,,,,,,,
2019-07-02,Indians,Oscar Mercado,CF,Royals,Alex Gordon,2B,1,,,,,,1,,Jason Kipnis,,,,,,,,,,,,,,,,,,,
2019-07-02,Giants,Tyler Austin,LF,Padres,Hunter Renfroe,3B,1,,,,,,,,Evan Longoria,,evan tagged well,,,,,,,,,,,,,,,,,
2019-07-03,Braves,Austin Riley,LF,Phillies,JT Realmuto,2B,1,,,,,,1,,Ozzie Albies,,,2,,,,,,,,,,,,,,,,
2019-07-03,WhiteSox,Eloy Jimenez,LF,Tigers,Jeimer Candelario,3B,,1,,,,,,Yoan Moncada,Leury Garcia,,Moncada's cut-off awesome,,,,,,,,,,,,,,,,,
2019-07-03,Tigers,Harold Castro,RF,WhiteSox,Ryan Cordell,Home,,1,,,,,,Niko Goodrum,John Hicks,,,,,,,,,,,,,,,,,,,
2019-07-03,Rockies,Ian Desmond,CF,Astros,Yuli Gurriel,Home,,1,,,,,,Trevor Story,Chris Iannetta,,,2,,,,,,,,,,,,,,,,
2019-07-03,Twins,Luis Arraez,LF,Athletics,Jurickson Profar,2B,,1,,,,,,Ehire Adrianza,Jonathan Schoop,https://twitter.com/MLBReplays/status/1146671131144990720,nice cuttoff,1,,,,,,,,,,,,,,,,
2019-07-03,Giants,Mike Yastrzemski,RF,Padres,Hunter Renfroe,Home,1,,,,,,,,Stephen Vogt,,nice tag,2,3B,,,,,,,,,,,,,,,
2019-07-03,Orioles,Trey Mancini,RF,Rays,Avisail Garcia,2B,,1,,,,,,Chris Davis,Jonathan Villar,,,0,,,,,,,,,,,,,,,,
2019-07-03,Cubs,Wilson Contreras,RF,Pirates,Melky Cabrera,Home,1,,,,,,1,,Victor Caratini,,terrific precision + throw,2,,,,,,,,,,,,,,,,
2019-07-04,Nationals,Victor Robles,CF,Marlins,Elieser Hernandez,2B,1,,,,,,,,Trea Turner,,,1,2T,,,,,,,,,,,,,,,
2019-07-05,Mariners,Mac Williamson,LF,Athletics,Matt Chapman,2B,1,,,,,,1,,Dee Gordon,,,2,6T,,,,,,,,,,,,,,,
2019-07-06,Brewers,Christian Yelich,RF,Pirates,Kevin Newman,2B,1,,,,,,,,Orlando Arcia,,,2,5B,,,,,,,,,,,,,,,
2019-07-06,Phillies,Jay Bruce,LF,Mets,Dominic Smith,3B,1,,,1,,1,,,Maikel Franco,https://twitter.com/MLBReplays/status/1147684429428662272,Bruce coverred Kingery's error,0,3B,,,,,,,,,,,,,,,
2019-07-06,Royals,Whit Merrifield,CF,Nationals,Adam Eaton,Home,,1,,,,,,Adalberto Mondesi,Cam Gallagher,,,1,1B,,,,,,,,,,,,,,,
2019-07-06,Marlins,Yadiel Rivera,RF,Braves,Josh Donaldson,Home,,1,,,,,,Garrett Cooper,Jorge Alfaro,,,2,3B,,,,,,,,,,,,,,,
2019-07-07,Braves,Charlie Culberson,LF,Marlins,Jorge Alfaro,Home,1,,,,,,1,,Brian McCann,https://twitter.com/MLBReplays/status/1148027673022779392,DP;fantastic,0,9T,,,,,,,,,,,,,,,
2019-07-07,Rangers,Joey Gallo,CF,Twins,Byron Buxton,3B,1,,,,,,1,,Asdrubal Cabrera,,DP;94.7mph,1,4B,,,,,,,,,,,,,,,
2019-07-07,Angels,Kole Calhoun,RF,Astros,Jake Marisnick,Home,1,,,,,,1,,Jonathan Lucroy,,"DP;great throw, catcher injured",1,8B,,,,,,,,,,,,,,,
2019-07-07,Nationals,Victor Robles,CF,Royals,Alex Gordon,Home,1,,,,,,1,,Yan Gomes,,,1,4T,,,,,,,,,,,,,,,
2019-07-12,Yankees,Brett Gardner,LF,BlueJays,Vladimir Guerrero Jr.,2B,1,,,,,,1,,Gleyber Torres,,,0,7T,,,,,,,,,,,,,,,
2019-07-13,Marlins,Brian Anderson,RF,Mets,Jeff McNeil,2B,1,,,,1,,,,Miguel Rojas,,DP,1,7T,,,,,,,,,,,,,,,
2019-07-13,Phillies,Bryce Harper,RF,Nationals,Victor Robles,3B,1,,,,,,1,,Maikel Franco,,93.5mph,1,2T,,,,,,,,,,,,,,,
2019-07-13,Mariners,Domingo Santana,RF,Angels,Albert Pujols,2B,,1,,,,,,Omar Narvaez,JP Crawford,,,1,2B,,,,,,,,,,,,,,,
2019-07-13,Rangers,Joey Gallo,LF,Astros,Jose Altuve,2B,1,,,,,,1,,Danny Santana,,,0,5T,,,,,,,,,,,,,,,
2019-07-13,Giants,Kevin Pillar,CF,Brewers,Mike Moustakas,Home,,1,,,,,,Brandon Crawford,Buster Posey,,,2,4B,,,,,,,,,,,,,,,
2019-07-13,Reds,Phillip Ervin,LF,Rockies,Raimel Tapia,2B,1,,,,,,1,,Jose Peraza,,really fast throw,1,1B,,,,,,,,,,,,,,,
2019-07-14,Mets,Jeff McNeil,RF,Marlins,Curtis Granderson,Home,1,,,,,,1,,Wilson Ramos,,,2,2B,,,,,,,,,,,,,,,
2019-07-14,Giants,Kevin Pillar,CF,Brewers,Christian Yelich,2B,1,,,,,,,,Donovan Solano,,Pillar's smooth play,0,1B,,,,,,,,,,,,,,,
2019-07-14,Brewers,Ryan Braun,LF,Giants,Mike Yastrzemski,Home,,1,,,,,,Orlando Arcia,Yasmani Grandal,,great cut-off play!,2,2T,,,,,,,,,,,,,,,
2019-07-14,Athletics,Ryan Cordell,RF,Athletics,Matt Chapman,Home,1,,,,,,1,,James McCann,,DP;good throw,0,8B,,,,,,,,,,,,,,,
2019-07-14,Dodgers,Alex Verdugo,LF,RedSox,Rafael Devers,Home,1,,,,,,1,,Russell Martin,,terrific throw,2,5B,,,,,,,,,,,,,,,
2019-07-14,RedSox,Andrew Benintendi,LF,Dodgers,Alex Verdugo,Home,1,,,,,,1,,Christian Vazquez,,90mph,2,11T,,,,,,,,,,,,,,,
2019-07-15,Giants,Austin Slater,RF,Rockies,Garrett Hampson,3B,,1,1,,1,1,,Brandon Crawford;Stephen Vogt,Pablo Sandoval,,weird;runner dived...,1,3B,,,,,,,,,,,,,,,
2019-07-15,Giants,Austin Slater,RF,Rockies,Garrett Hampson,3B,,1,1,,,1,,Donovan Solano,Pablo Sandoval,https://twitter.com/MLBReplays/status/1151003735923003392,weird...too,1,5B,,,,,,,,,,,,,,,
2019-07-15,Yankees,Aaron Judge,RF,Rays,Avisail Garcia,3B,1,,,,,,1,,Gio Urshela,,,1,4T,,,,,,,,,,,,,,,
2019-07-15,BlueJays,Randal Grichuk,CF,RedSox,Michael Chavis,Home,,1,,,1,1,,Brandon Drury,Danny Jansen,,miscommunication between runners,0,6B,,,,,,,,,,,,,,,
2019-07-15,Tigers,Christin Stewart,LF,Indians,Jose Ramirez,2B,1,,,,,,1,,Harold Castro,,,0,2B,,,,,,,,,,,,,,,
2019-07-15,Indians,Oscar Mercado,CF,Tigers,Victor Reyes,Home,,1,,,,,,Francisco Lindor,Roberto Perez,https://twitter.com/MLBReplays/status/1150928894691807232,terrific relay,0,1T,,,,,,,,,,,,,,,
2019-07-15,Cardinals,Dexter Fowler,RF,Pirates,Bryan Reynolds,2B,,1,,,,,,Kolten Wong,Paul DeJong,,one of the best d;DP,1,4T,,,,,,,,,,,,,,,
2019-07-16,Nationals,Victor Robles,CF,Orioles,Renato Nunez,2B,1,,,,1,,,,Brian Dozier,,why renato did hesitate...?,0,6B,,,,,,,,,,,,,,,
2019-07-16,RedSox,Andrew Benintendi,LF,BlueJays,Lourdes Gurriel Jr.,2B,1,,,,,,,,Michael Chavis,,good catch DP,1,7T,,,,,,,,,,,,,,,
2019-07-16,RedSox,Andrew Benintendi,LF,BlueJays,Danny Jansen,1B,,1,,,,,,,-,,Jansen didn't touched the 2nd base again,1,9T,,,,,,,,,,,,,,,
2019-07-16,Padres,Josh Naylor,RF,Marlins,Garrett Cooper,2B,1,,,,,,1,,Fernando Tatis Jr.,,great throw,1,2B,,,,,,,,,,,,,,,
2019-07-16,Cubs,Albert Almora Jr.,CF,Reds,Nick Senzel,Home,,1,,,,,,Javier Baez,Martin Maldonado,,terrific cutoff throw,2,1T,,,,,,,,,,,,,,,
2019-07-16,Brewers,Christian Yelich,RF,Braves,Nick Markakis,2B,1,,,,,,1,,Tyler Saladino,https://twitter.com/MLBReplays/status/1151317232443633664,almost catched not that big mistake,0,2T,,,,,,,,,,,,,,,
2019-07-16,WhiteSox,John Jay,LF,Royals,Cheslor Cuthbert,3B,,1,,,,,,Yoan Moncada;Yolmer Sanchez,Yoan Moncada,,,2,3B,,,,,,,,,,,,,,,
2019-07-17,RedSox,Jackie Bradley Jr.,CF,BlueJays,Justin Smoak,2B,1,,,,,,,,Xander Bogaerts,,runners slow,1,2T,,,,,,,,,,,,,,,
2019-07-17,BlueJays,Teoscar Hernandez,CF,RedSox,Christian Vazquez,2B,1,,,,,,,,Cavan Biggio,,runners slow,0,6B,,,,,,,,,,,,,,,
2019-07-17,Marlins,Cesar Puello,CF,Padres,Eric Hosmer,3B,1,,,,,,1,,Neil Walker,,,0,5T,,,,,,,,,,,,,,,
2019-07-17,Indians,Tyler Naquin,RF,Tigers,Jeimer Candelario,2B,,1,,,,,,Carlos Santana,Mike Freeman,,good throw and cutoff,2,6T,,,,,,,,,,,,,,,
2019-07-17,WhiteSox,Leury Garcia,CF,Royals,Jorge Soler,2B,1,,,,,,,,Yolmer Sanchez,,mlb.com record it as out at 3B,2,5B,,,,,,,,,,,,,,,
2019-07-17,Astros,Josh Reddick,LF,Angels,Andrelton Simmons,Home,1,,,,,,1,,Robinson Chirinos,https://twitter.com/MLBReplays/status/1151727628820332544,,2,5B,,,,,,,,,,,,,,,
2019-07-18,Reds,Yasiel Puig,RF,Cardinals,Harrison Bader,3B,1,,,,,,1,,Eugenio Suarez,,95.5mph;flying throw,1,9T,,,,,,,,,,,,,,,
2019-07-18,Tigers,Nicholas Castellanos,RF,Indians,Greg Allen,2B,1,,,,,1,,,Harold Castro,,,1,8B,,,,,,,,,,,,,,,
2019-07-19,Phillies,Adam Heseley,LF,Pirates,Colin Moran,2B,1,,,,,,1,,Cesar Hernandez,,,1,4B,,,,,,,,,,,,,,,
2019-07-19,Yankees,Mike Tauchman,LF,Rockies,Garrett Hampson,Home,1,,,,,,1,,Gary Sanchez,,DP,1,2T,,,,,,,,,,,,,,,
2019-07-19,Yankees,Aaron Judge,RF,Rockies,Nolan Arenado,2B,1,,,,1,,,,DJ LeMahieu,,,2,3T,,,,,,,,,,,,,,,
2019-07-19,BlueJays,Lourdes Gurriel Jr.,LF,Tigers,JaCoby Jones,3B,1,,,,1,1,,,Vladimir Guerrero Jr.,,DP;runner did mistake on settling it,0,3B,,,,,,,,,,,,,,,
2019-07-19,Indians,Tyler Naquin,RF,Royals,Alex Gordon,Home,1,,,,,,,,Roberto Perez,https://twitter.com/MLBReplays/status/1152388998045810688,DP,1,3T,,,,,,,,,,,,,,,
2019-07-19,Royals,Bubba Starling,CF,Indians,Tyler Naquin,2B,1,,,,,1,,,Hunter Dozier,,,1,4B,,,,,,,,,,,,,,,
2019-07-19,DBacks,Jarrod Dyson,LF,Brewers,Christian Yelich,2B,1,,,,,,1,,Eduardo Escobar,,,0,3T,,,,,,,,,,,,,,,
2019-07-19,Angels,Kole Calhoun,RF,Mariners,Tom Murphy,2B,1,,,,,,1,,Andrelton Simmons,,,0,4B,,,,,,,,,,,,,,,
2019-07-20,Padres,Hunter Renfroe,LF,Cubs,Addison Russell,2B,1,,,,,,1,,Luis Urias,,terrific DP,1,2B,,,,,,,,,,,,,,,
2019-07-20,Cubs,Albert Almora Jr.,CF,Padres,Luis Urias,2B,1,,,1,,,,,Brandon Kintzler,,great coverage of Kintzler,0,6T,,,,,,,,,,,,,,,
2019-07-20,Tigers,Nicholas Castellanos,RF,BlueJays,Eric Sogard,2B,,1,,,1,,,Harold Castro,Brandon Dixon,,overrunned; headed to 3rd and back to 2nd,0,6T,,,,,,,,,,,,,,,
2019-07-20,Marlins,Cesar Puello,CF,Dodgers,Clayton Kershaw,2B,,1,,,,,,Bryan Holaday,Miguel Rojas,,,2,4B,,,,,,,,,,,,,,,
2019-07-21,Phillies,Adam Heseley,CF,Pirates,Starling Marte,2B,1,,,,,,1,,Scott Kingery,https://twitter.com/MLBReplays/status/1153070645162532867,,0,6B,,,,,,,,,,,,,,,
2019-07-21,Twins,Marwin Gonzalez,RF,Athletics,Matt Olson,2B,1,,,,,,1,,Jorge Polanco,,,2,1T,,,,,,,,,,,,,,,
2019-07-21,Giants,Kevin Pillar,CF,Mets,JD Davis,3B,1,,,,,,1,,Zach Green,,one of the best play;DP,1,1T,,,,,,,,,,,,,,,
2019-07-21,Mariners,Domingo Santana,RF,Angels,Justin Upton,1B,1,,,,1,,,,Austin Nola,,DP,1,7T,,,,,,,,,,,,,,,
2019-07-21,Nationals,Victor Robles,CF,Braves,Ronald Acuña Jr.,2B,1,,,,,,,,Brian Dozier,,,2,2B,,,,,,,,,,,,,,,
2019-07-22,Cardinals,Jose Martinez,RF,Pirates,Kevin Newman,Home,1,,,,,,1,,Andrew Knizner,https://twitter.com/MLBReplays/status/1153537809266950144,,1,10B,,,,,,,,,,,,,,,
2019-07-22,Indians,Tyler Naquin,RF,BlueJays,Vladimir Guerrero Jr.,2B,1,,,,,,1,,Francisco Lindor,,,0,2B,,,,,,,,,,,,,,,
2019-07-22,Brewers,Eric Thames,RF,Reds,Phillip Ervin,1B,,1,,,,,,Jesus Aguilar;Tyler Saladino,Orlando Arcia,,,1,6T,,,,,,,,,,,,,,,
2019-07-22,Orioles,Steve Wilkerson,CF,DBacks,-,3B,1,,,,,1,,,-,,missed by catching error by Hanser Alberto,0,3B,,,,,,,,,,,,,,,
2019-07-23,Indians,Greg Allen,RF,BlueJays,Teoscar Hernandez,Home,,1,,,,,,Carlos Santana,Roberto Perez,,,1,8B,,,,,,,,,,,,,,,
2019-07-23,Phillies,Brad Miller,LF,Tigers,Nicholas Castellanos,Home,1,,,,,,,,JT Realmuto,,,1,14B,,,,,,,,,,,,,,,
2019-07-23,Padres,Hunter Renfroe,LF,Mets,Jeff McNeil,2B,1,,,,,,1,,Luis Urias,,,0,7B,,,,,,,,,,,,,,,
2019-07-23,Athletics,Chad Pinder,LF,Astros,Max Stassi,2B,1,,,,,,1,,Franklin Barreto,https://twitter.com/MLBReplays/status/1153867297016156160,,2,7B,,,,,,,,,,,,,,,
2019-07-23,Brewers,Ryan Braun,LF,Reds,Scooter Gennett,Home,,1,,,,,,Keston Hiura,Yasmani Grandal,,,2,1T,,,,,,,,,,,,,,,
2019-07-23,Angels,Mike Trout,CF,Dodgers,Max Muncy,Home,1,,,,,,1,,Dustin Garneau,https://twitter.com/MLBReplays/status/1153879777427820549,wow... precision itself,1,2B,,,,,,,,,,,,,,,
2019-07-23,Angels,Kole Calhoun,RF,Dodgers,Cody Bellinger,Home,1,,,,,,1,,Dustin Garneau,,game ending shot,2,9B,,,,,,,,,,,,,,,
2019-07-24,Rangers,Nomar Mazara,RF,Mariners,JP Crawford,2B,1,,,1,,,,,Elvis Andrus,,,1,1B,,,,,,,,,,,,,,,
2019-07-24,Pirates,Melky Cabrera,RF,Cardinals,Dexter Fowler,Home,1,,,,,,1,,Elias Diaz,,,1,2T,,,,,,,,,,,,,,,
2019-07-25,Yankees,Aaron Judge,RF,RedSox,Rafael Devers,3B,,1,,,,1,,Luke Voit,Didi Gregorius,,not that good defence,0,6B,,,,,,,,,,,,,,,
2019-07-25,Twins,Eddie Rosario,LF,Whitesox,Jose Abreu,1B,,1,,,,,,,-,,great catch;Abreu didn't touch the base,0,8B,,,,,,,,,,,,,,,
2019-07-25,Orioles,Dwight Smith Jr.,LF,Angels,David Fletcher,Home,,1,,,,,1,Jonathan Villar,Pedro Severino,https://twitter.com/MLBReplays/status/1154675237918846976,clutch throw;save the game,1,15B,,,,,,,,,,,,,,,
2019-07-26,Phillies,Bryce Harper,RF,Braves,Ozzie Albies,3B,,1,,,,,,Cesar Hernandez;JT Realmuto,Maikel Franco,,good relay,1,5T,,,,,,,,,,,,,,,
2019-07-26,Dodgers,Alex Verdugo,LF,Nationals,Gerardo Parra,Home,1,,,,,,1,,Russell Martin,https://twitter.com/MLBReplays/status/1154940639580172288,97.7mph,1,7B,,,,,,,,,,,,,,,
2019-07-26,BlueJays,Lourdes Gurriel Jr.,LF,Rays,Travis d'Arnaud,2B,,1,,,,,,Danny Jansen,Cavan Biggio,,,2,5T,,,,,,,,,,,,,,,
2019-07-26,RedSox,Andrew Benintendi,LF,Yankees,Luke Voit,3B,1,,,,,,,,Rafael Devers,,,1,8T,,,,,,,,,,,,,,,
2019-07-26,Brewers,Lorenzo Cain,CF,Cubs,Kris Bryant,1B,1,,,,,,1,,Travis Shaw,,DP,1,1T,,,,,,,,,,,,,,,
2019-07-26,Indians,Greg Allen,LF,Royals,Bubba Starling,Home,,1,,,,,,Francisco Lindor;Jake Bauers;Mike Freeman,Kevin Plawecki,,,2,2B,,,,,,,,,,,,,,,
2019-07-26,Royals,Bubba Starling,CF,Indians,Francisco Lindor,Home,1,,,,,,1,,Cam Gallagher,,wow...;100.6;one of the great;DP,1,7T,,,,,,,,,,,,,,,
2019-07-26,Athletics,Ramon Laureano,CF,Rangers,Shin-Soo Choo,2B,1,,,,,,1,,Jurickson Profar,,DP;wow,0,9T,,,,,,,,,,,,,,,
2019-07-26,Mariners,Mallex Smith,CF,Tigers,Jeimer Candelario,2B,1,,,,1,,,,Dylan Moore,,DP;good catch,0,5T,,,,,,,,,,,,,,,
2019-07-27,Yankees,Mike Tauchman,LF,RedSox,Michael Chavis,2B,1,,,,,,1,,Gleyber Torres,https://twitter.com/MLBReplays/status/1155250575338065920,,0,3B,,,,,,,,,,,,,,,
2019-07-27,Mariners,Tim Beckham,LF,Tigers,Brandon Dixon,1B,1,,,,,,1,,Ryan Court,,DP;great running catch and throw,0,9T,,,,,,,,,,,,,,,
2019-07-27,DBacks,Ketel Marte,CF,Marlins,Cesar Puello,2B,1,,1,,,,1,,Nick Ahmed,,great coverage but pumbled,2,2B,,,,,,,,,,,,,,,
2019-07-27,Phillies,Sean Rodriguez,LF,Braves,Josh Donaldson,2B,,1,,,,,,Jean Segura,Scott Kingery,,,2,1T,,,,,,,,,,,,,,,
2019-07-27,Reds,Jesse Winker,LF,Rockies,Raimel Tapia,2B,1,,,,1,,,,Jose Iglesias,,DP,1,7T,,,,,,,,,,,,,,,
2019-07-27,Indians,Greg Allen,LF,Royals,Bubba Starling,Home,1,,,,,,,,Roberto Perez,,,2,5B,,,,,,,,,,,,,,,
2019-07-27,Padres,Hunter Renfroe,RF,Giants,Stephen Vogt,2B,1,,,,,,1,,Fernando Tatis Jr.,https://twitter.com/MLBReplays/status/1155296803824254976,massive throw,1,2T,,,,,,,,,,,,,,,
2019-07-27,Athletics,Chad Pinder,RF,Rangers,Elvis Andrus,Home,1,,,,,,1,,Chris Herrmann,,beautiful throw,2,7T,,,,,,,,,,,,,,,
2019-07-27,Angels,Kole Calhoun,RF,Orioles,Steve Wilkerson,3B,,1,,,,,,Luis Rengifo,Matt Thaiss,,,0,6T,,,,,,,,,,,,,,,
2019-07-28,BlueJays,Lourdes Gurriel Jr.,LF,Rays,Matt Duffy,2B,1,,,,,,1,,Cavan Biggio,,,0,5T,,,,,,,,,,,,,,,
2019-07-28,BlueJays,Billy McKinney,RF,Rays,Tommy Pham,2B,1,,,,,,1,,Freddy Galvis,,,1,7T,,,,,,,,,,,,,,,
2019-07-28,Dodgers,Matt Beaty,LF,Nationals,Matt Adams,Home,,1,,,,,,Corey Seager,Will Smith,,,2,2B,,,,,,,,,,,,,,,
2019-07-28,Cardinals,Harrison Bader,CF,Astros,Jose Altuve,Home,,1,,,,,,Kolten Wong,Matt Wieters,,,0,8T,,,,,,,,,,,,,,,
2019-07-28,Padres,Manuel Margot,CF,Giants,Donovan Solano,2B,,1,1,,,1,,Fernando Tatis Jr.,Luis Urias,,,1,6T,,,,,,,,,,,,,,,
2019-07-29,Reds,Jesse Winker,CF,Pirates,Jose Osuna,Home,,1,,,,,,Jose Iglesias,Tucker Barnhart,,,1,5T,,,,,,,,,,,,,,,
2019-07-30,Orioles,Trey Mancini,RF,Padres,Luis Urias,2B,1,,,,1,1,,,Richie Martin,https://twitter.com/MLBReplays/status/1156312307552702465,runners feet was just away from the base for a little moment,0,2B,,,,,,,,,,,,,,,
2019-07-31,Braves,Ender Inciarte,CF,Nationals,Howie Kendrick,Home,,1,,,,,,Johan Camargo,Tyler Flowers,,,0,6B,,,,,,,,,,,,,,,
2019-07-31,Pirates,Starling Marte,CF,Reds,Nick Senzel,2B,,1,,,,,,Josh Bell,Kevin Newman,,good cutoff,2,7B,,,,,,,,,,,,,,,
2019-07-31,Yankees,Cameron Maybin,RF,DBacks,Wilmer Flores,2B,1,,,,,,,,Didi Gregorius,,proper throw,0,5T,,,,,,,,,,,,,,,
2019-07-31,Dodgers,Cody Bellinger,RF,Rockies,Tony Wolters,Home,1,,,,,,1,,Will Smith,,96.6mph,2,3B,,,,,,,,,,,,,,,
2019-07-31,Phillies,Scott Kingery,CF,Giants,Mike Yastrzemski,1B,1,,,,,,,,Rhys Hoskins,,DP;failed hitnrun,1,1T,,,,,,,,,,,,,,,
2019-07-31,Marlins,Cesar Puello,CF,Twins,Miguel Sano,Home,,1,,,,,,Starlin Castro,Jorge Alfaro,,smooth fence play,1,5T,,,,,,,,,,,,,,,
2019-07-31,Marlins,Jon Berti,RF,Twins,Jonathan Schoop,2B,,1,,,,,,Neil Walker,Miguel Rojas,,,2,5T,,,,,,,,,,,,,,,
2019-07-31,WhiteSox,John Jay,RF,Mets,Adeiny Hechavarria,2B,1,,1,,,1,,,Tim Anderson,https://twitter.com/MLBReplays/status/1156750164301950976,,1,3T,,,,,,,,,,,,,,,
2019-07-31,Cardinals,Jose Martinez,RF,Cubs,Wilson Contreras,2B,1,,1,,,1,,,Paul DeJong,,,2,3T,,,,,,,,,,,,,,,
2019-08-01,Marlins,Brian Anderson,RF,Twins,Nelson Cruz,2B,1,,,,,,1,,Martin Prado,https://twitter.com/MLBReplays/status/1157021592007917568,92.6mph;massive,0,9T,,,,,,,,,,,,,,,
2019-08-01,WhiteSox,Leury Garcia,RF,Mets,JD Davis,3B,1,,,,,,1,,Ryan Goins,,terrific throw,2,5T,,,,,,,,,,,,,,,
2019-08-01,RedSox,Andrew Benintendi,CF,Rays,Ji-Man Choi,Home,,1,,,,,,Michael Chavis,Sandy Leon,,,1,2T,,,,,,,,,,,,,,,
2019-08-01,Astros,Michael Brantley,LF,Indians,Franmil Reyes,Home,,1,,,,,,Carlos Correa,Martin Maldonado,,,1,2B,,,,,,,,,,,,,,,
2019-08-01,Astros,Josh Reddick,RF,Indians,Yasiel Puig,Home,1,,,,,,1,,Martin Maldonado,,DP,1,4B,,,,,,,,,,,,,,,
2019-08-01,Padres,Hunter Renfroe,RF,Dodgers,Matt Beaty,3B,,1,1,,1,1,,Luis Urias,Manny Machado,,,2,6B,,,,,,,,,,,,,,,
2019-08-01,Dodgers,AJ Pollock,CF,Padres,Fernando Tatis Jr.,3B,,1,,,,,,Tyler White,Justin Turner,https://twitter.com/MLBReplays/status/1157141512502882304,DP,2,3T,,,,,,,,,,,,,,,
2019-08-02,WhiteSox,Leury Garcia,RF,Phillies,Jason Vargas,2B,1,,,,,,1,,Tim Anderson,,Smoooth D,1,5B,,,,,,,,,,,,,,,
2019-08-02,Phillies,Vince Velasquez,LF,Whitesox,Jose Abreu,Home,1,,,,,,1,,JT Realmuto,,Teeeerific;94.7mph,1,14T,,,,,,,,,,,,,,,
2019-08-03,RedSox,Andrew Benintendi,CF,Yankees,Cameron Maybin,2B,1,,,,1,1,,,Xander Bogaerts,https://twitter.com/kim_xxyn/status/1157902674622214144,DP,1,3B,,,,,,,,,,,,,,,
2019-08-03,Marlins,Brian Anderson,RF,Rays,Austin Meadows,Home,1,,,,,,1,,Jorge Alfaro,https://twitter.com/kim_xxyn/status/1157919213131972608,canon shot,2,8B,,,,,,,,,,,,,,,
2019-08-03,Rays,Kevin Kiermaier,CF,Marlins,Brian Anderson,3B,,1,,,,,,Willy Adames,Matt Duffy,https://twitter.com/MLBReplays/status/1157803393257213954,superb catch and throw,0,3T,,,,,,,,,,,,,,,
2019-08-03,Orioles,Anthony Santander,LF,BlueJays,Bo Bichette,Home,,1,,,,,,Richie Martin,Pedro Severino,https://twitter.com/MLBReplays/status/1157872598694408194,,1,7T,,,,,,,,,,,,,,,
2019-08-03,Braves,Adam Duvall,LF,Reds,Jesse Winker,Home,1,,,,,,1,,Tyler Flowers,https://twitter.com/kim_xxyn/status/1157854567670751233,,1,9T,,,,,,,,,,,,,,,
2019-08-03,Padres,Hunter Renfroe,RF,Dodgers,Will Smith,1B,1,,,,,,1,,Eric Hosmer,https://twitter.com/kim_xxyn/status/1157896590498996224,terrific,1,6B,,,,,,,,,,,,,,,
2019-08-17,Giants,Austin Slater,RF,DBacks,Eduardo Escobar,3B,,1,,,,,,Scooter Gennett,Donovan Solano,,,,,,,,,,,,,,,,,,,
2019-08-17,Marlins,Brian Anderson,RF,Rockies,Daniel Murphy,3B,,1,0.5,,,,,Castro;Jorge Alfaro,Neil Walker,,,,,,,,,,,,,,,,,,,
2019-08-17,Marlins,Brian Anderson,RF,Rockies,Charlie Blackmon,Home,1,,,,,,1,,Jorge Alfaro,https://twitter.com/kim_xxyn/status/1163438716041355269,,,,,,,,,,,,,,,,,,
2019-08-17,Astros,George Springer,RF,Athletics,Mark Canha,2B,,1,,,,,,Martin Maldonado,Carlos Correa,https://twitter.com/kim_xxyn/status/1163438716041355269,,,,,,,,,,,,,,,,,,
2019-08-17,Twins,Jake Cave,CF,Rangers,Jose Trevino,Home,,1,,1,,,,Jorge Polanco,Mitch Garver,https://twitter.com/kim_xxyn/status/1163438716041355269,,,,,,,,,,,,,,,,,,
2019-08-17,Marlins,Lewis Brinson,CF,Rockies,Raimel Tapia,2B,1,,,,,,,,Castro,https://twitter.com/kim_xxyn/status/1163438716041355269,,,,,,,,,,,,,,,,,,
2019-08-17,Reds,Nick Senzel,CF,Cardinals,Dexter Fowler,3B,1,,,,,,,,Jose Peraza,https://twitter.com/kim_xxyn/status/1163438716041355269,,,,,,,,,,,,,,,,,,
2019-08-17,Indians,Oscar Mercado,LF,Yankees,Mike Tauchman,2B,,1,1,,,,,Jose Ramirez,Francisco Lindor,https://twitter.com/kim_xxyn/status/1163438716041355269,,,,,,,,,,,,,,,,,,
2019-08-17,Reds,Phillip Ervin,LF,Cardinals,Yairo Munoz,2B,1,,,,,,,,Freddy Galvis,https://twitter.com/kim_xxyn/status/1163438716041355269,,,,,,,,,,,,,,,,,,
2019-08-17,Nationals,Victor Robles,CF,Brewers,Mike Moustakas,2B,1,,,,,,,,Asdrubal Cabrera,https://twitter.com/kim_xxyn/status/1163438716041355269,,,,,,,,,,,,,,,,,,
2019-08-17,Nationals,Victor Robles,CF,Brewers,Keston Hiura,2B,1,,,,,,,,Trea Turner,https://twitter.com/kim_xxyn/status/1163438716041355269,,,,,,,,,,,,,,,,,,
2019-08-18,Angels,Brian Goodwin,CF,Whitesox,John Jay,Home,1,0,1,0,,,,,Anthony Bemboom,https://twitter.com/kim_xxyn/status/1163438716041355269,,,,,,,,,,,,,,,,,,
2019-08-18,Phillies,Bryce Harper,RF,Padres,Austin Hedges,2B,1,0,0,0,,,,,Jean Segura,https://twitter.com/kim_xxyn/status/1163233183879421952,,,,,,,,,,,,,,,,,,
2019-08-18,Athletics,Chad Pinder,RF,Astros,Jose Altuve,Home,1,0,0,0,,,,,Josh Phegley,https://twitter.com/kim_xxyn/status/1163438716041355269,,,,,,,,,,,,,,,,,,
2019-08-18,DBacks,David Peralta,LF,Giants,Scooter Gennett,2B,1,0,0,0,1,,,,Wilmer Flores,https://twitter.com/kim_xxyn/status/1163438716041355269,,,,,,,,,,,,,,,,,,
2019-08-18,WhiteSox,Leury Garcia,CF,Angels,Brian Goodwin,2B,1,0,0,0,,,,,Tim Anderson,https://twitter.com/kim_xxyn/status/1163438716041355269,,,,,,,,,,,,,,,,,,
2019-08-18,RedSox,Mookie Betts,CF,Orioles,Trey Mancini,2B,0,1,0,0,,,,Sandy Leon,Xander Bogaerts,https://twitter.com/kim_xxyn/status/1163230878606094336,,,,,,,,,,,,,,,,,,
2019-08-19,Astros,George Springer,CF,Tigers,Travis Demeritte,2B,1,,,,,,,,Jack Mayfield,https://twitter.com/kim_xxyn/status/1163626977355452416,,,,,,,,,,,,,,,,,,
2019-08-19,Padres,Josh Naylor,LF,Reds,Eugenio Suarez,Home,1,,,,1,,,,Austin Hedges,,,,,,,,,,,,,,,,,,,
2019-08-19,Pirates,Melky Cabrera,RF,Nationals,Asdrubal Cabrera,Home,,1,,,,,,Adam Frazier,Elias Diaz,https://twitter.com/kim_xxyn/status/1163629983723450369,,,,,,,,,,,,,,,,,,
2019-08-20,Indians,Greg Allen,CF,Mets,Amed Rosario,2B,1,,,,,,,,Francisco Lindor,https://twitter.com/kim_xxyn/status/1163986236148551680,,,,,,,,,,,,,,,,,,
2019-08-20,BlueJays,Randal Grichuk,RF,Dodgers,Cody Bellinger,3B,,1,,,,,,Brandon Drury,Vladimir Guerrero Jr.,https://twitter.com/kim_xxyn/status/1164079790829101057,,,,,,,,,,,,,,,,,,
2019-08-21,Tigers,Harold Castro,CF,Astros,Robinson Chirinos,3B,,1,,,1,,,Gordon Beckham,Dawel Lugo,https://twitter.com/kim_xxyn/status/1164377413742055424,,,,,,,,,,,,,,,,,,
2019-08-21,DBacks,Josh Rojas,RF,Rockies,Yonder Alonso,2B,1,,,,,,,,Nick Ahmed,,,,,,,,,,,,,,,,,,,
2019-08-21,Giants,Mike Yastrzemski,RF,Cubs,Kyle Schwarber,Home,1,,,,,,,,Stephen Vogt,https://twitter.com/kim_xxyn/status/1164523097648615424,,,,,,,,,,,,,,,,,,
2019-08-21,Cubs,Nicholas Castellanos,RF,Giants,Austin Slater,3B,,1,,,,,,Ian Happ,Kris Bryant,,,,,,,,,,,,,,,,,,,
2019-08-21,BlueJays,Randal Grichuk,RF,Dodgers,Chris Taylor,Home,,1,1,1,,1,,Cavan Biggio,Reese McGuire,,,,,,,,,,,,,,,,,,,
2019-08-22,Rockies,Raimel Tapia,CF,Cardinals,Paul Goldschmidt,2B,1,,,,,,,,Trevor Story,,,,,,,,,,,,,,,,,,,
2019-08-22,Indians,Tyler Naquin,LF,Mets,Todd Frazier,Home,1,,,,,,1,,Kevin Plawecki,https://twitter.com/kim_xxyn/status/1164786214550949888,,,,,,,,,,,,,,,,,,
2019-08-23,Royals,Alex Gordon,LF,Indians,Jose Ramirez,2B,1,,,,1,,,,Whit Merrifield,,,,,,,,,,,,,,,,,,,
2019-08-23,Orioles,DJ Stewart,LF,Rays,Tommy Pham,Home,,1,,,,,,Jonathan Villar,Chance Sisco,,,,,,,,,,,,,,,,,,,
2019-08-23,DBacks,Jarrod Dyson,RF,Brewers,Ryan Braun,Home,1,,,,,,,,Carson Kelly,,,,,,,,,,,,,,,,,,,
2019-08-23,Tigers,Victor Reyes,LF,Twins,Jason Castro,2B,1,,,,1,,,,Ronny Rodriguez,,,,,,,,,,,,,,,,,,,
2019-08-24,Dodgers,AJ Pollock,CF,Yankees,Gleyber Torres,1B,1,,,,1,,,,Jedd Gyorko,,,,,,,,,,,,,,,,,,,
2019-08-24,Rockies,Charlie Blackmon,LF,Cardinals,Harrison Bader,1B,1,,,,1,,,,Daniel Murphy,,,,,,,,,,,,,,,,,,,
2019-08-24,Rockies,Charlie Blackmon,LF,Cardinals,Marcell Ozuna,2B,1,,1,,,,,,Trevor Story,,"he dropped the ball, so sac fly into pos play;mlb.com wrongly describe this",,,,,,,,,,,,,,,,,
2019-08-24,Astros,George Springer,CF,Angels,Ohtani Shohei,2B,,1,,,,,,Yuli Gurriel,Alex Bregman,,,,,,,,,,,,,,,,,,,
2019-08-24,Mets,JD Davis,LF,Braves,Francisco Cervelli,3B,,1,,,1,,,Joe Panik;Todd Frazier,Pete Alonso,,,,,,,,,,,,,,,,,,,
2019-08-24,Cubs,Kyle Schwarber,LF,Nationals,Yan Gomes,2B,1,,,,,,,,Tony Kemp,,,,,,,,,,,,,,,,,,,
2019-08-25,Reds,Aristides Aquino,RF,Pirates,Elias Diaz,2B,1,,1,,,,,,Jose Iglesias,,,,,,,,,,,,,,,,,,,
2019-08-25,Angels,Brian Goodwin,RF,Astros,Yuli Gurriel,2B,1,,,,,,1,,Andrelton Simmons,,,,,,,,,,,,,,,,,,,
2019-08-25,Orioles,DJ Stewart,RF,Rays,Joey Wendle,1B,1,,,,,,,,Trey Mancini,,posout / hitnrun miss,,,,,,,,,,,,,,,,,
2019-08-25,RedSox,JD Martinez,LF,Padres,Eric Hosmer,Home,,1,,,,,,Xander Bogaerts,Christian Vazquez,,,,,,,,,,,,,,,,,,,
2019-08-25,RedSox,JD Martinez,LF,Padres,Manuel Margot,3B,1,,,,,,,,Rafael Devers,,,,,,,,,,,,,,,,,,,
2019-08-25,Rockies,Yonathan Daza,LF,Cardinals,Dexter Fowler,Home,1,,,,,,1,,Tony Wolters,,,,,,,,,,,,,,,,,,,
2019-08-26,Rockies,Ian Desmond,LF,Braves,Freddie Freeman,Home,1,,,,,,1,,Dom Nunez,,,,,,,,,,,,,,,,,,,
2019-08-26,DBacks,Jarrod Dyson,RF,Giants,Abiatal Avelino,Home,1,,,,,,1,,Carson Kelly,,,,,,,,,,,,,,,,,,,
2019-08-26,Pirates,Starling Marte,CF,Phillies,JT Realmuto,2B,1,,,,,,,,Kevin Newman,,,,,,,,,,,,,,,,,,,
2019-08-27,Twins,Jake Cave,CF,Whitesox,Adam Engel,1B,,1,,,1,1,,,-,,Engel didn't tag the 2nd base,,,,,,,,,,,,,,,,,
2019-08-27,Brewers,Lorenzo Cain,CF,Cardinals,Matt Carpenter,3B,1,,,,,,,,Corey Spangenberg,,,,,,,,,,,,,,,,,,,
2019-08-27,Mets,Michael Conforto,CF,Cubs,Javier Baez,3B,,1,,,,,,Amed Rosario,Todd Frazier,,,,,,,,,,,,,,,,,,,
2019-08-27,Reds,Nick Senzel,CF,Marlins,Isan Diaz,3B,,1,,,,,,Freddy Galvis,Eugenio Suarez,,,,,,,,,,,,,,,,,,,
2019-08-27,Braves,Ronald Acuña Jr.,RF,BlueJays,Cavan Biggio,2B,1,,,,,,1,,Dansby Swanson,https://twitter.com/kim_xxyn/status/1166502946630074368,,,,,,,,,,,,,,,,,,
2019-08-27,Braves,Ronald Acuña Jr.,RF,BlueJays,Rowdy Tellez,2B,1,,,,,,1,,Dansby Swanson,https://twitter.com/kim_xxyn/status/1166545077486800897,,,,,,,,,,,,,,,,,,
2019-08-27,Athletics,Seth Brown,LF,Royals,Meibrys Viloria,Home,1,,,,,,1,,Josh Phegley,,,,,,,,,,,,,,,,,,,
2019-08-28,BlueJays,Billy McKinney,LF,Braves,Matt Joyce,3B,1,,,,,,,,Bo Bichette,,,,,,,,,,,,,,,,,,,
2019-08-28,Marlins,Garrett Cooper,RF,Reds,Jose Iglesias,1B,,1,,,1,,,Neil Walker,Isan Diaz,,,,,,,,,,,,,,,,,,,
2019-08-28,Padres,Hunter Renfroe,RF,Dodgers,Enrique Hernandez,2B,1,,,,,,,,Luis Urias,,,,,,,,,,,,,,,,,,,
2019-08-28,Orioles,Trey Mancini,RF,Nationals,Trea Turner,1B,1,,,,1,,,,Chris Davis,,,,,,,,,,,,,,,,,,,
2019-08-28,Rockies,Yonathan Daza,CF,RedSox,Christian Vazquez,2B,1,,,,,,,,Garrett Hampson,,,,,,,,,,,,,,,,,,,
2019-08-29,Tigers,Victor Reyes,LF,Indians,Yu Chang,Home,,1,,1,,,,Willi Castro,Jake Rogers,,,,,,,,,,,,,,,,,,,
2019-08-30,Royals,Bubba Starling,CF,Orioles,Pedro Severino,3B,,1,,,,,,Cheslor Cuthbert,Hunter Dozier,,DP,,,,,,,,,,,,,,,,,
2019-08-30,Royals,Bubba Starling,CF,Orioles,Hanser Alberto,2B,,1,,,1,,,Nicky Lopez;Nick Dini,Humberto Arteaga,,,,,,,,,,,,,,,,,,,
2019-08-30,Mets,JD Davis,LF,Phillies,Corey Dickerson,Home,1,,,,,,1,,Rene Rivera,,Rivera's reaction was also good,,,,,,,,,,,,,,,,,
2019-08-30,Brewers,Ryan Braun,LF,Cubs,Victor Caratini,2B,1,,,,,,,,Orlando Arcia,,,,,,,,,,,,,,,,,,,
2019-08-30,WhiteSox,Ryan Goins,RF,Braves,Josh Donaldson,2B,,1,,,,,,Jose Abreu;Tim Anderson,Jose Abreu,,,,,,,,,,,,,,,,,,,
2019-08-30,Rockies,Sam Hilliard,RF,Pirates,Elias Diaz,2B,,1,,,,,,Daniel Murphy;Trevor Story,Ryan McMahon,,,,,,,,,,,,,,,,,,,
2019-08-30,Rockies,Yonathan Daza,CF,Pirates,Bryan Reynolds,3B,,1,,,,,,Trevor Story,Nolan Arenado,,,,,,,,,,,,,,,,,,,
2019-08-31,BlueJays,Derek Fisher,LF,Astros,Jose Altuve,1B,,1,,,1,,,Bo Bichette,Rowdy Tellez,,,,,,,,,,,,,,,,,,,
2019-08-31,Astros,Josh Reddick,LF,BlueJays,Vladimir Guerrero Jr.,3B,1,,,,,,,,Abraham Toro,,,,,,,,,,,,,,,,,,,
2019-08-31,Rays,Kevin Kiermaier,CF,Indians,Francisco Lindor,Home,,1,,,,,,Joey Wendle,Travis d'Arnaud,,,,,,,,,,,,,,,,,,,
2019-08-31,DBacks,Tim Locastro,CF,Dodgers,Clayton Kershaw,2B,,1,,,,,,Nick Ahmed,Wilmer Flores,,,,,,,,,,,,,,,,,,,
2019-08-31,Rays,Tommy Pham,LF,Indians,Franmil Reyes,2B,1,,,,,,,,Eric Sogard,,,,,,,,,,,,,,,,,,,
2019-09-01,Cardinals,Harrison Bader,CF,Reds,Michael Lorenzen,Home,1,,,,,,,,Andrew Knizner,,DP,,,,,,,,,,,,,,,,,
2019-09-01,Rockies,Ian Desmond,LF,Pirates,Bryan Reynolds,Home,,1,,,,,,Nolan Arenado,Tony Wolters,,,,,,,,,,,,,,,,,,,
2019-09-01,Rockies,Ian Desmond,LF,Pirates,Erik Gonzalez,2B,1,,,,,,,,Pat Valaika,,,,,,,,,,,,,,,,,,,
2019-09-01,Mets,Michael Conforto,RF,Phillies,Corey Dickerson,Home,1,,,,,,1,,Wilson Ramos,,,,,,,,,,,,,,,,,,,
2019-09-01,Indians,Oscar Mercado,CF,Rays,Tommy Pham,Home,,1,,,,,,Mike Freeman,Kevin Plawecki,,,,,,,,,,,,,,,,,,,
2019-09-02,DBacks,Abraham Almonte,RF,Padres,Luis Urias,2B,1,,,,,,,,Nick Ahmed,,,,,,,,,,,,,,,,,,,
2019-09-02,Yankees,Clint Frazier,LF,Rangers,Elvis Andrus,Home,1,,,,,,1,,Gary Sanchez,,96.5mph,,,,,,,,,,,,,,,,,
2019-09-02,Indians,Oscar Mercado,CF,Whitesox,Yoan Moncada,Home,1,,,,,,1,,Roberto Perez,,,,,,,,,,,,,,,,,,,
2019-09-03,Royals,Alex Gordon,LF,Tigers,Willi Castro,Home,1,,,,,,1,,Nick Dini,,deny go-ahead run in 9th Top,,,,,,,,,,,,,,,,,
2019-09-03,Marlins,Garrett Cooper,RF,Pirates,Adam Frazier,2B,,1,,,,,,Miguel Rojas;Neil Walker,Miguel Rojas,,,,,,,,,,,,,,,,,,,
2019-09-03,Rays,Kevin Kiermaier,CF,Orioles,Jonathan Villar,3B,,1,,,,1,,Eric Sogard;Travis d'Arnaud,Willy Adames,,,,,,,,,,,,,,,,,,,
2019-09-03,Cubs,Kyle Schwarber,LF,Mariners,Braden Bishop,2B,1,,,,1,,,,Ben Zobrist,,,,,,,,,,,,,,,,,,,
2019-09-03,Cubs,Nicholas Castellanos,RF,Mariners,Mallex Smith,1B,1,,,,1,,,,Jon Lester,,,,,,,,,,,,,,,,,,,
2019-09-03,Athletics,Seth Brown,LF,Angels,Justin Upton,3B,1,,,,,,,,Matt Chapman,,,,,,,,,,,,,,,,,,,
2019-09-04,Yankees,Aaron Judge,RF,Rangers,Ronald Guzman,2B,1,,,,1,1,,,Didi Gregorius,,,,,,,,,,,,,,,,,,,
2019-09-04,WhiteSox,Eloy Jimenez,LF,Indians,Yu Chang,2B,,1,,,,,,Yoan Moncada,Jose Abreu,,,,,,,,,,,,,,,,,,,
2019-09-04,Nationals,Gerardo Parra,RF,Mets,Brandon Nimmo,3B,1,,,,,,,,Anthony Rendon,,,,,,,,,,,,,,,,,,,
2019-09-04,DBacks,Josh Rojas,LF,Padres,Greg Garcia,Home,1,,,,,,1,,Carson Kelly,,DP,,,,,,,,,,,,,,,,,
2019-09-05,Phillies,Bryce Harper,RF,Reds,Jose Peraza,2B,,1,,,,,,JT Realmuto,Jean Segura,,,,,,,,,,,,,,,,,,,
2019-09-05,Twins,Eddie Rosario,LF,RedSox,Rafael Devers,Home,1,,,,,,1,,Jason Castro,,,,,,,,,,,,,,,,,,,
2019-09-05,Pirates,Melky Cabrera,RF,Marlins,Neil Walker,Home,1,,,,,,1,,Jacob Stallings,,,,,,,,,,,,,,,,,,,
2019-09-05,Indians,Oscar Mercado,CF,Whitesox,Welington Castillo,Home,1,,,,,,1,,Kevin Plawecki,,,,,,,,,,,,,,,,,,,
2019-09-05,Pirates,Pablo Reyes,LF,Marlins,Harold Ramirez,3B,1,,,,,,1,,Jose Osuna,,,,,,,,,,,,,,,,,,,
2019-09-06,Royals,Brett Phillips,CF,Marlins,Bryan Holaday,Home,,1,,,,,,Whit Merrifield,Meibrys Viloria,,Merrifield showed great throw,,,,,,,,,,,,,,,,,
2019-09-06,RedSox,Jackie Bradley Jr.,CF,Yankees,Gary Sanchez,Home,1,,,,,,1,,Christian Vazquez,,,,,,,,,,,,,,,,,,,
2019-09-06,Marlins,Lewis Brinson,RF,Royals,Whit Merrifield,3B,1,,,,,,1,,Starlin Castro,,DP,,,,,,,,,,,,,,,,,
2019-09-06,Rockies,Raimel Tapia,LF,Padres,Greg Garcia,Home,1,,,,,,1,,Dom Nunez,,DP,,,,,,,,,,,,,,,,,
2019-09-06,Braves,Ronald Acuña Jr.,CF,Nationals,Trea Turner,3B,1,,,,,,,,Josh Donaldson,,Almost catched difficult flyball,,,,,,,,,,,,,,,,,
2019-09-06,Tigers,Victor Reyes,CF,Athletics,Matt Chapman,3B,1,,,,,,1,,Dawel Lugo,,,,,,,,,,,,,,,,,,,
2019-09-06,Nationals,Victor Robles,CF,Braves,Tyler Flowers,Home,1,,,,,,1,,Yan Gomes,,,,,,,,,,,,,,,,,,,
2019-09-07,Angels,Brian Goodwin,CF,Whitesox,Yoan Moncada,2B,,1,,,,,,Albert Pujols,Andrelton Simmons,,,,,,,,,,,,,,,,,,,
2019-09-07,Cardinals,Dexter Fowler,RF,Pirates,Bryan Reynolds,2B,1,,,,,,,,Paul DeJong,,,,,,,,,,,,,,,,,,,
2019-09-07,DBacks,Jarrod Dyson,RF,Reds,Jose Iglesias,1B,1,,,,1,,,,Christian Walker,,DP,,,,,,,,,,,,,,,,,
2019-09-07,Braves,Matt Joyce,RF,Nationals,Juan Soto,1B,1,,,,,,,,Freddie Freeman,,DP/Terrific catch,,,,,,,,,,,,,,,,,
2019-09-08,Twins,Ian Miller,CF,Indians,Greg Allen,2B,1,,,,,,,,Jonathan Schoop,,,,,,,,,,,,,,,,,,,
2019-09-08,Padres,Josh Naylor,RF,Rockies,Daniel Murphy,2B,1,,,,,,1,,Luis Urias,,,,,,,,,,,,,,,,,,,
2019-09-08,Mets,Michael Conforto,RF,Phillies,Corey Dickerson,2B,,1,,,,,,Pete Alonso,Amed Rosario,,,,,,,,,,,,,,,,,,,
2019-09-08,Padres,Nick Martini,LF,Rockies,Charlie Blackmon,2B,1,,,,,,,,Greg Garcia,,DP,,,,,,,,,,,,,,,,,
2019-09-08,Royals,Ryan McBroom,LF,Marlins,Miguel Rojas,2B,,1,,,,,,Hunter Dozier;Ryan O'Hearn,Nicky Lopez,,,,,,,,,,,,,,,,,,,
2019-09-10,Phillies,Bryce Harper,RF,Braves,Ozzie Albies,3B,1,,,,,,1,,Sean Rodriguez,,,,,,,,,,,,,,,,,,,
2019-09-10,Athletics,Robbie Grossman,LF,Astros,Jake Marisnick,2B,1,,,,,,,,Jurickson Profar,,,,,,,,,,,,,,,,,,,
2019-09-11,Phillies,Bryce Harper,RF,Braves,Austin Riley,Home,1,,,,,,1,,JT Realmuto,,,,,,,,,,,,,,,,,,,
2019-09-11,Athletics,Ramon Laureano,RF,Astros,Jose Altuve,Home,1,,1,,,,1,,Jose Altuve,,,,,,,,,,,,,,,,,,,
2019-09-12,Nationals,Adam Eaton,RF,Twins,Jonathan Schoop,2B,1,,1,,,1,,,Trea Turner,,,,,,,,,,,,,,,,,,,
2019-09-12,Phillies,Adam Haseley,LF,Braves,Brian McCann,2B,1,,,,1,,,,Cesar Hernandez,,DP,,,,,,,,,,,,,,,,,
2019-09-12,Twins,Eddie Rosario,RF,Nationals,Juan Soto,2B,,1,,,,,,CJ Cron,Ehire Adrianza,,,,,,,,,,,,,,,,,,,
2019-09-13,Astros,George Springer,RF,Royals,Hunter Dozier,1B,,1,,,,,,Alex Bregman,Yuli Gurriel,,DP,,,,,,,,,,,,,,,,,
2019-09-13,Angels,Kole Calhoun,RF,Rays,Austin Meadows,Home,1,,,,,,1,,Kevan Smith,,93.9mph,,,,,,,,,,,,,,,,,
2019-09-13,Mariners,Shed Long,LF,Whitesox,Danny Mendick,2B,1,,,,,,1,,Dee Gordon,,,,,,,,,,,,,,,,,,,
2019-09-14,BlueJays,Anthony Alford,RF,Yankees,DJ LeMahieu,1B,,1,,,,,,Brandon Drury,Justin Smoak,,,,,,,,,,,,,,,,,,,
2019-09-14,Tigers,Victor Reyes,CF,Orioles,Renato Nunez,2B,1,,,,,,,,Harold Castro,,,,,,,,,,,,,,,,,,,
2019-09-15,Reds,Aristides Aquino,RF,DBacks,Wilmer Flores,3B,1,,,,,,1,,Eugenio Suarez,,,,,,,,,,,,,,,,,,,
2019-09-15,Rays,Austin Meadows,LF,Angels,Kole Calhoun,2B,,1,,,,,,Matt Duffy,Joey Wendle,,,,,,,,,,,,,,,,,,,
2019-09-15,Rays,Avisail Garcia,LF,Angels,Kevan Smith,2B,1,,,,,,1,,Willy Adames,,,,,,,,,,,,,,,,,,,
2019-09-15,Tigers,Victor Reyes,LF,Orioles,Rio Ruiz,Home,1,,,,,,1,,Grayson Greiner,,,,,,,,,,,,,,,,,,,
2019-09-15,Indians,Yasiel Puig,RF,Twins,Miguel Sano,2B,,1,,,1,,,Francisco Lindor,Carlos Santana,,,,,,,,,,,,,,,,,,,
2019-09-16,Orioles,Anthony Santander;Stevie Wilkerson,RF,Tigers,Victor Reyes,3B,,1,,,,1,,Stevie Wilkerson;Richie Martin;Trey Mancini;Hanser Alberto;Anthony Santander;Trey Mancini,Jonathan Villar,,It's not actually outfield assist,,,,,,,,,,,,,,,,,
2019-09-16,DBacks,Jarrod Dyson,CF,Marlins,Harold Ramirez,Home,1,,,,,,1,,Carson Kelly,,,,,,,,,,,,,,,,,,,
2019-09-16,Twins,LaMonte Wade,CF,Whitesox,Yoan Moncada,3B,,1,,,,,,Marwin Gonzalez,Miguel Sano,,,,,,,,,,,,,,,,,,,
2019-09-16,Cardinals,Marcell Ozuna,LF,Nationals,Asdrubal Cabrera,Home,1,,,,,,1,,Yadier Molina,,,,,,,,,,,,,,,,,,,
2019-09-17,RedSox,Andrew Benintendi,LF,Giants,Brandon Crawford,3B,,1,1,,,,,Xander Bogaerts;Sandy Leon,Rafael Devers,,not much good fence play,,,,,,,,,,,,,,,,,
2019-09-17,Marlins,Austin Dean,LF,DBacks,Christian Walker,3B,,1,,,,,,Miguel Rojas;Starlin Castro,Isan Diaz,,on the middle of 2-3B,,,,,,,,,,,,,,,,,
2019-09-17,Marlins,Magneuris Sierra,CF,DBacks,Josh Rojas,3B,,1,,,1,,1,Miguel Rojas,Jon Berti,,game ending DP,,,,,,,,,,,,,,,,,
2019-09-17,Orioles,Mason Williams,CF,BlueJays,Lourdes Gurriel Jr.,3B,1,,,1,,,,,Rio Ruiz,,,,,,,,,,,,,,,,,,,
2019-09-17,BlueJays,Teoscar Hernandez,LF,Orioles,Jonathan Villar,3B,,1,,,,,,Danny Jansen,Bo Bichette,,,,,,,,,,,,,,,,,,,
2019-09-18,WhiteSox,Adam Engel,CF,Twins,Eddie Rosario,3B,1,,,1,,,1,,Yoan Moncada,https://twitter.com/MLBReplays/status/1174536559187681280,,,,,,,,,,,,,,,,,,
2019-09-18,Indians,Greg Allen,LF,Tigers,Christin Stewart,Home,1,,,,,,1,,Roberto Perez,,100.8mph,,,,,,,,,,,,,,,,,
2019-09-18,Rockies,Ian Desmond,LF,Mets,Brandon Nimmo,1B,1,,,,1,,,,Ryan McMahon,,DP;good catch and throw,,,,,,,,,,,,,,,,,
2019-09-18,Astros,Kyle Tucker,RF,Rangers,Willie Calhoun,2B,1,,,,,,1,,Alex Bregman,https://twitter.com/MLBReplays/status/1174508396302782465,,,,,,,,,,,,,,,,,,
2019-09-18,Cardinals,Tommy Edman,RF,Nationals,Victor Robles,Home,1,,,,,,1,,Yadier Molina,,,,,,,,,,,,,,,,,,,
2019-09-19,Mariners,Braden Bishop,LF,Pirates,Jake Elmore,2B,,1,,,,,,Omar Narvaez,Shed Long,,,,,,,,,,,,,,,,,,,
2019-09-19,Indians,Jordan Luplow,LF,Tigers,Grayson Greiner,2B,1,,,,,,1,,Mike Freeman,,great fence play,,,,,,,,,,,,,,,,,
2019-09-19,Twins,Luis Arraez,LF,Royals,Ryan McBroom,2B,1,,,,,,1,,Mitch Garver,,,,,,,,,,,,,,,,,,,
2019-09-20,Nationals,Adam Eaton,RF,Marlins,Jon Berti,2B,1,,,,1,,,,Asdrubal Cabrera,,DP,,,,,,,,,,,,,,,,,
2019-09-20,Phillies,Brad Miller,LF,Indians,Carlos Santana,2B,,1,,,,,,Andrew Knapp;Cesar Hernandez,Rhys Hoskins,,,,,,,,,,,,,,,,,,,
2019-09-20,Twins,Marwin Gonzalez,RF,Royals,Hunter Dozier,2B,1,,,,,,1,,Jorge Polanco,,,,,,,,,,,,,,,,,,,
2019-09-21,Cubs,Jason Heyward,CF,Cardinals,Matt Carpenter,3B,1,,,,1,,,,Kris Bryant,,just over the 2B,1,7T,,,,,,,,,,,,,,,
2019-09-21,Marlins,Magnerius Sierra,CF,Nationals,Asdrubal Cabrera,Home,1,,,,,,1,,Bryan Holaday,,,1,4T,,,,,,,,,,,,,,,
2019-09-21,RedSox,Mookie Betts,RF,Rays,Travis d'Arnaud,Home,1,,,,,,,,Christian Vazquez,,,2,3B,,,,,,,,,,,,,,,
2019-09-21,Dodgers,Enrique Hernandez,CF,Rockies,Raimel Tapia,Home,1,,,,,,1,,Russell Martin,,,2,8T,,,,,,,,,,,,,,,
2019-09-22,Twins,LaMonte Wade,CF,Royals,Nicky Lopez,3B,,1,,,,,,Luis Arraez,Miguel Sano,,great cutoff thrwo,1,4T,,,,,,,,,,,,,,,
2019-09-23,Phillies,Bryce Harper,RF,Nationals,Juan Soto,Home,1,,,,,,1,,Andrew Knapp,,92.2mph,2,1B,,,,,,,,,,,,,,,
2019-09-23,Orioles,Austin Hays,CF,BlueJays,Vladimir Guerrero Jr.,2B,1,,,,1,,,,Hanser Alberto,,,0,3B,,,,,,,,,,,,,,,
2019-09-23,RedSox,Mookie Betts,RF,Rays,Avisail Garcia,3B,1,,,,,,1,,Rafael Devers,,terrrrrific,0,6B,,,,,,,,,,,,,,,
2019-08-04,Orioles,Anthony Santander,LF,BlueJays,Lourdes Gurriel Jr.,3B,1,,,,,,,,Jace Peterson,,,1,1T,,,,,,,,,,,,,,,
2019-08-04,Pirates,Melky Cabrera,RF,Mets,Robinson Cano,2B,1,,,,,,,,Kevin Newman,,Cano injured,1,4T,,,,,,,,,,,,,,,
2019-08-04,Mariners,Tim Beckham,LF,Astros,Yordan Alvarez,3B,1,,,,,,,,Kyle Seager,,,0,4B,,,,,,,,,,,,,,,
2019-08-04,Royals,Jorge Soler,RF,Twins,Nelson Cruz,Home,,1,,,,,,Humberto Arteaga;Cheslor Cuthbert,Cam Gallagher,,,1,8B,,,,,,,,,,,,,,,
2019-08-04,Dodgers,Joc Pederson,RF,Padres,Josh Naylor,2B,1,,,,1,1,,,Corey Seager,,Overslided,0,6B,,,,,,,,,,,,,,,
2019-08-05,Yankees,Brett Gardner,CF,Orioles,Trey Mancini,Home,,1,,,,,,Didi Gregorius,Austin Romine,,,1,3B,,,,,,,,,,,,,,,
2019-08-05,Royals,Bubba Starling,CF,RedSox,Xander Bogaerts,Home,,1,,,,,,Nicky Lopez,Meibrys Viloria,,,2,1B,,,,,,,,,,,,,,,
2019-08-05,BlueJays,Randal Grichuk,RF,Rays,Willy Adames,1B,1,,,,1,,,,Justin Smoak,,DP,0,3B,,,,,,,,,,,,,,,
2019-08-05,Braves,Ronald Acuña Jr.,RF,Twins,Jason Castro,2B,1,,,,,,1,,Johan Camargo,https://twitter.com/MLBReplays/status/1158579854629097472,terrific,0,5B,,,,,,,,,,,,,,,
2019-08-05,Phillies,Roman Quinn,CF,DBacks,David Peralta,3B,,1,,,,,,JT Realmuto,Scott Kingery,https://twitter.com/kim_xxyn/status/1158691249240412161,good cutoff;DP,1,3B,,,,,,,,,,,,,,,
2019-08-05,Cardinals,Dexter Fowler,CF,Dodgers,Matt Beaty,2B,1,,,,1,,,,Paul DeJong,,DP,1,5B,,,,,,,,,,,,,,,
2019-08-06,RedSox,Jackie Bradley Jr.,CF,Royals,Whit Merrifield,2B,1,,,,,1,,,Michael Chavis,https://twitter.com/kim_xxyn/status/1159077503014592513,,0,1T,,,,,,,,,,,,,,,
2019-08-06,Twins,Marwin Gonzalez,RF,Braves,Ender Inciarte,2B,1,,,,,,,,Jorge Polanco,https://twitter.com/kim_xxyn/status/1159083985353371649,great throw,2,4T,,,,,,,,,,,,,,,
2019-08-07,Rangers,Willie Calhoun,LF,Indians,Yasiel Puig,2B,,1,,,,,,Logan Forsythe,Rougned Odor,https://twitter.com/kim_xxyn/status/1159485175719292933,what a cool,1,8B,,,,,,,,,,,,,,,
2019-08-07,Mets,Jeff McNeil,RF,Marlins,Lewis Brinson,2B,,1,,,,,,Pete Alonso;Amed Rosario,Adeiny Hechavarria,https://twitter.com/kim_xxyn/status/1159471879771443200,good cutoff by alonso,0,2T,,,,,,,,,,,,,,,
2019-08-07,Giants,Brandon Belt,LF,Nationals,Yan Gomes,2B,1,,,,,,1,,Donovan Solano,https://twitter.com/kim_xxyn/status/1159465695278596099,really smooth,0,6T,,,,,,,,,,,,,,,
2019-08-07,RedSox,Jackie Bradley Jr.,CF,Royals,Billy Hamilton,3B,1,,,,,,,,Rafael Devers,,DP;wow,0,4T,,,,,,,,,,,,,,,
2019-08-08,Reds,Aristides Aquino,RF,Cubs,Nicholas Castellanos,2B,1,,,1,,,1,,Jose Iglesias,https://twitter.com/kim_xxyn/status/1159826830443941889,,1,1T,,,,,,,,,,,,,,,
2019-08-08,Phillies,Jay Bruce,LF,Giants,Mike Yastrzemski,3B,,1,,,,1,,Sean Rodriguez,Scott Kingery,https://twitter.com/kim_xxyn/status/1159829672043003910,Kingery punched Mike,0,3B,,,,,,,,,,,,,,,
2019-08-08,Padres,Hunter Renfroe,RF,Rockies,Ryan McMahon,Home,1,,,,,,1,,Francisco Mejia,https://twitter.com/kim_xxyn/status/1159834871805566976,,,,,,,,,,,,,,,,,,
2019-08-08,Padres,Manuel Margot,CF,Rockies,Yonder Alonso,2B,,1,,,,,,Manny Machado,Luis Urias,https://twitter.com/kim_xxyn/status/1159840780808142856,good catch and throw,0,9T,,,,,,,,,,,,,,,
2019-09-24,Phillies,Adam Haseley,RF,Nationals,Juan Soto,1B,1,,,,1,,,,Logan Morrison,,DP,1,7B,,,,,,,,,,,,,,,
2019-09-25,Cardinals,Randy Arozarena,CF,DBacks,Adam Jones,3B,1,,,,,,1,,Tommy Edman,https://twitter.com/MLBPipeline/status/1176982427358715904,,1,5B,,,,,,,,,,,,,,,
2019-09-25,Cubs,Kyle Schwarber,LF,Pirates,Pablo Reyes,Home,1,,,,,,1,,Wilson Contreras,,,1,2B,,,,,,,,,,,,,,,
2019-09-25,Pirates,Jake Elmore,RF,Cubs,Kyle Schwarber,2B,1,,,,,,1,,Kevin Newman,,,1,4T,,,,,,,,,,,,,,,
2019-09-25,Yankees,Tyler Wade,LF,Rays,Matt Duffy,3B,,,,,,,,,,,,,,,,,,,,,,,,,,,,
2019-09-25,RedSox,Gorkys Hernandez,RF,Rangers,Willie Calhoun,Home,,,,,,,,,,,,,,,,,,,,,,,,,,,,
2019-09-25,Athletics,Ramon Laureano,RF,Angels,Taylor Ward,1B,,,,,,,,,,,,,,,,,,,,,,,,,,,,
2019-08-09,WhiteSox,Eloy Jimenez,LF,Athletics,Mark Canha,2B,,,,,,,,,,,,,,,,,,,,,,,,,,,,
2019-08-09,Dodgers,Cody Bellinger,RF,DBacks,Christian Walker,2B,,,,,,,,,,,,,,,,,,,,,,,,,,,,
2019-08-10,Braves,Adam Duvall,LF,Marlins,Isan Diaz,Home,,,,,,,,,,,,,,,,,,,,,,,,,,,,
2019-08-10,Rangers,Nomar Mazara,RF,Brewers,Ryan Braun,Home,,,,,,,,,,,,,,,,,,,,,,,,,,,,
2019-08-10,Indians,Yasiel Puig,RF,Twins,CJ Cron,Home,,,,,,,,,,,,,,,,,,,,,,,,,,,,
2019-08-10,Pirates,Bryan Reynolds,LF,Cardinals,Dexter Fowler,2B,,,,,,,,,,,,,,,,,,,,,,,,,,,,
2019-08-11,Braves,Ronald Acuña Jr.,RF,Marlins,Isan Diaz,2B,,,,,,,,,,,,,,,,,,,,,,,,,,,,
2019-08-11,Mets,Jeff McNeil,RF,Nationals,Juan Soto,Home,,,,,,,,,,,,,,,,,,,,,,,,,,,,
2019-08-11,Indians,Tyler Naquin,LF,Twins,Ehire Adrianza,Home,,,,,,,,,,,,,,,,,,,,,,,,,,,,
2019-08-11,Athletics,Chad Pinder,RF,Whitesox,Matt Skole,Home,,,,,,,,,,,,,,,,,,,,,,,,,,,,
2019-08-11,Cardinals,Lane Thomas,CF,Pirates,Adam Frazier,Home,,,,,,,,,,,,,,,,,,,,,,,,,,,,
2019-08-12,Orioles,Anthony Santander,RF,Yankees,Breyvic Valera,2B,,,,,,,,,,,,,,,,,,,,,,,,,,,,
2019-08-12,Nationals,Victor Robles,CF,Reds,Joey Votto,Home,,,,,,,,,,,,,,,,,,,,,,,,,,,,
2019-08-12,Rangers,Danny Santana,CF,BlueJays,Bo Bichette,2B,,,,,,,,,,,,,,,,,,,,,,,,,,,,
2019-08-12,Indians,Greg Allen,LF,RedSox,Xander Bogaerts,2B,,,,,,,,,,,,,,,,,,,,,,,,,,,,
2019-08-13,Astros,George Springer,RF,Whitesox,Welington Castillo,Home,,,,,,,,,,,,,,,,,,,,,,,,,,,,
2019-08-13,WhiteSox,Adam Engel,CF,Astros,Aledmys Diaz,3B,,,,,,,,,,,,,,,,,,,,,,,,,,,,
2019-08-13,Nationals,Victor Robles,CF,Reds,Jose Peraza,3B,,,,,,,,,,,,,,,,,,,,,,,,,,,,
2019-08-13,Orioles,Jace Peterson,LF,Yankees,Mike Tauchman,3B,,,,,,,,,,,,,,,,,,,,,,,,,,,,
2019-08-13,Indians,Greg Allen,LF,RedSox,Sandy Leon,3B,,,,,,,,,,,,,,,,,,,,,,,,,,,,
2019-08-13,Braves,Ronald Acuña Jr.,,Mets,Todd Frazier,Home,,,,,,,,,,,,,,,,,,,,,,,,,,,,
2019-08-13,Royals,Hunter Dozier,RF,Cardinals,Tommy Edman,2B,,,,,,,,,,,,,,,,,,,,,,,,,,,,
2019-08-13,Pirates,Starling Marte,CF,Angels,Kole Calhoun,Home,,,,,,,,,,,,,,,,,,,,,,,,,,,,
2019-08-13,Angels,Justin Upton,LF,Pirates,Adam Frazier,3B,,,,,,,,,,,,,,,,,,,,,,,,,,,,
2019-08-13,Rays,Avisail Garcia,RF,Padres,Fernando Tatis Jr.,1B,,,,,,,,,,,,,,,,,,,,,,,,,,,,
2019-08-14,Astros,Michael Brantley,,Whitesox,Jose Abreu,2B,,,,,,,,,,,,,,,,,,,,,,,,,,,,
2019-08-14,Marlins,Brian Anderson,RF,Dodgers,Justin Turner,3B,,,,,,,,,,,,,,,,,,,,,,,,,,,,
2019-08-14,Mariners,Keon Broxton,CF,Tigers,Miguel Cabrera,Home,,,,,,,,,,,,,,,,,,,,,,,,,,,,
2019-08-14,Mets,Michael Conforto,RF,Braves,Tyler Flowers,2B,,,,,,,,,,,,,,,,,,,,,,,,,,,,
2019-08-15,Mariners,Mallex Smith,RF,Tigers,Victor Reyes,1B,,,,,,,,,,,,,,,,,,,,,,,,,,,,
2019-08-15,Tigers,Victor Reyes,LF,Mariners,Austin Nola,2B,,,,,,,,,,,,,,,,,,,,,,,,,,,,
2019-08-15,Tigers,Harold Castro,CF,Mariners,JP Crawford,2B,,,,,,,,,,,,,,,,,,,,,,,,,,,,
2019-08-15,Dodgers,AJ Pollock,CF,Marlins,Jorge Alfaro,Home,,,,,,,,,,,,,,,,,,,,,,,,,,,,
2019-08-15,Phillies,Bryce Harper,RF,Cubs,Nicholas Castellanos,2B,,,,,,,,,,,,,,,,,,,,,,,,,,,,
2019-08-15,Cubs,Nicholas Castellanos,RF,Phillies,Rhys Hoskins,Home,,,,,,,,,,,,,,,,,,,,,,,,,,,,
2019-08-15,Yankees,Mike Tauchman,LF,Indians,Franmil Reyes,2B,,,,,,,,,,,,,,,,,,,,,,,,,,,,
2019-08-15,Twins,Max Kepler,CF,Rangers,Willie Calhoun,Home,,,,,,,,,,,,,,,,,,,,,,,,,,,,
2019-08-15,Twins,Eddie Rosario,LF,Rangers,Jose Trevino,Home,,,,,,,,,,,,,,,,,,,,,,,,,,,,
2019-08-16,Phillies,Roman Quinn,CF,Padres,Francisco Mejia,2B,,,,,,,,,,,,,,,,,,,,,,,,,,,,
2019-08-16,Indians,Yasiel Puig,RF,Yankees,Cameron Maybin,Home,,,,,,,,,,,,,,,,,,,,,,,,,,,,
2019-08-16,BlueJays,Teoscar Hernandez,CF,Mariners,Mallex Smith,2B,,,,,,,,,,,,,,,,,,,,,,,,,,,,
2019-08-16,Dodgers,Joc Pederson,RF,Braves,Mike Soroka,Home,,,,,,,,,,,,,,,,,,,,,,,,,,,,
2019-08-16,Rangers,Delino DeShields,CF,Twins,Marwin Gonzalez,2B,,,,,,,,,,,,,,,,,,,,,,,,,,,,
2019-08-16,Royals,Brett Phillips,RF,Mets,Joe Panik,2B,,,,,,,,,,,,,,,,,,,,,,,,,,,,
2019-08-16,DBacks,David Peralta,LF,Giants,Brandon Belt,Home,,,,,,,,,,,,,,,,,,,,,,,,,,,,
2019-08-16,Athletics,Mark Canha,CF,Astros,Yuli Gurriel,2B,,,,,,,,,,,,,,,,,,,,,,,,,,,,
2019-08-16,Angels,Mike Trout,CF,Whitesox,Jame McCann,3B,,,,,,,,,,,,,,,,,,,,,,,,,,,,
2019-09-26,Brewers,Trent Grisham,,Reds,Jose Peraza,2B,,,,,,,,,,,,,,,,,,,,,,,,,,,,
2019-09-26,Reds,Josh VanMeter,LF,Brewers,Keston Hiura,Home,,,,,,,,,,,,,,,,,,,,,,,,,,,,
2019-09-26,Rockies,Raimel Tapia,LF,Giants,Mike Gerber,Home,,,,,,,,,,,,,,,,,,,,,,,,,,,,
2019-09-26,Cubs,Ian Happ,RF,Pirates,Jose Osuna,Home,,,,,,,,,,,,,,,,,,,,,,,,,,,,
2019-09-27,Orioles,DJ Stewart,,RedSox,Sam Travis,Home,,1,,,,,,Trey Mancini,Chance Sisco,,,2,4B,,,,,,,,,,,,,,,
2019-09-27,Braves,Nick Markakis,LF,Mets,Todd Frazier,Home,1,,,,,,1,,Francisco Cervelli,,terrific DP!,1,7B,,,,,,,,,,,,,,,
2019-09-27,Rangers,Willie Calhoun,LF,Yankees,DJ LeMahieu,3B,,1,,,,,,Elvis Andrus,Nick Solak,,,2,7T,,,,,,,,,,,,,,,
2019-09-28,WhiteSox,Leury Garcia,LF,Tigers,John Hicks,Home,,,,,,,,,,,,,,,,,,,,,,,,,,,,
2019-09-28,Reds,Michael Lorenzen,CF,Pirates,Kevin Newman,2B,,,,,,,,,,,,,,,,,,,,,,,,,,,,
2019-09-28,Yankees,Aaron Judge,RF,Rangers,Ronald Guzman,2B,,,,,,,,,,,,,,,,,,,,,,,,,,,,
2019-09-28,Rockies,Charlie Blackmon,RF,Brewers,Yasmani Grandal,Home,,,,,,,,,,,,,,,,,,,,,,,,,,,,
2019-09-28,Rockies,Yonathan Daza,CF,Brewers,Lorenzo Cain,Home,,,,,,,,,,,,,,,,,,,,,,,,,,,,
2019-09-29,BlueJays,Teoscar Hernandez,LF,Rays,Johnny Davis,1B,1,,,,1,,,,Cavan Biggio,,,0,3T,,,,,,,,,,,,,,,
2019-09-29,Padres,Travis Jankowski,CF,DBacks,Eduardo Escobar,2B,1,,,,,,,,Greg Garcia,,,0,9B,,,,,,,,,,,,,,,
2019-09-29,Brewers,Corey Spangenberg,LF,Rockies,Ryan McMahon,2B,1,,1,,,1,,,Hernan Perez,https://twitter.com/MLBReplays/status/1178449511649333248,,2,10B,,,,,,,,,,,,,,,
2019-09-29,Braves,Nick Markakis,LF,Mets,Todd Frazier,Home,1,,,,,,1,,Brian McCann,https://twitter.com/MLBReplays/status/1178408790095536128,,1,2B,,,,,,,,,,,,,,,
2019-09-29,WhiteSox,Daniel Palka,RF,Tigers,Jordy Mercer,2B,,,,,,,,,,,,,,,,,,,,,,,,,,,,
